trader_id,strategy_id,instrument_id,account_id,opening_order_id,closing_order_id,entry,side,quantity,peak_qty,ts_init,ts_opened,ts_last,ts_closed,duration_ns,avg_px_open,avg_px_close,commissions,realized_return,realized_pnl,is_snapshot
BACKTESTER-001,OracleStrategy-000,MESM6.GLBX,GLBX-001,O-20260308-220000-001-000-1,O-20260308-220126-001-000-2,SELL,FLAT,0,1,1773007200136210549,2026-03-08 22:00:00.136210549+00:00,1773007286820633479,2026-03-08 22:01:26.820633479+00:00,86684422930,6745.0,6702.75,['0.00 USD'],0.00626,42.25 USD,True
BACKTESTER-001,OracleStrategy-000,MESM6.GLBX,GLBX-001,O-20260308-220126-001-000-3,O-20260308-220132-001-000-4,BUY,FLAT,0,1,1773007286820633479,2026-03-08 22:01:26.820633479+00:00,1773007292648180471,2026-03-08 22:01:32.648180471+00:00,5827546992,6702.75,6703.0,['0.00 USD'],4e-05,0.25 USD,True
BACKTESTER-001,OracleStrategy-000,MESM6.GLBX,GLBX-001,O-20260308-220132-001-000-5,O-20260308-220207-001-000-6,SELL,FLAT,0,1,1773007292648180471,2026-03-08 22:01:32.648180471+00:00,1773007327565296856,2026-03-08 22:02:07.565296856+00:00,34917116385,6703.0,6697.0,['0.00 USD'],0.0009,6.00 USD,True
BACKTESTER-001,OracleStrategy-000,MESM6.GLBX,GLBX-001,O-20260308-220207-001-000-7,O-20260308-220210-001-000-8,BUY,FLAT,0,1,1773007327565296856,2026-03-08 22:02:07.565296856+00:00,1773007330828146287,2026-03-08 22:02:10.828146287+00:00,3262849431,6697.0,6697.75,['0.00 USD'],0.00011,0.75 USD,True
BACKTESTER-001,OracleStrategy-000,MESM6.GLBX,GLBX-001,O-20260308-220213-001-000-10,O-20260308-220217-001-000-11,BUY,FLAT,0,1,1773007333579094720,2026-03-08 22:02:13.579094720+00:00,1773007337413527063,2026-03-08 22:02:17.413527063+00:00,3834432343,6690.25,6697.75,['0.00 USD'],0.00112,7.50 USD,True
BACKTESTER-001,OracleStrategy-000,MESM6.GLBX,GLBX-001,O-20260308-220217-001-000-12,O-20260308-220249-001-000-13,SELL,FLAT,0,1,1773007337413527063,2026-03-08 22:02:17.413527063+00:00,1773007369597315477,2026-03-08 22:02:49.597315477+00:00,32183788414,6697.75,6693.0,['0.00 USD'],0.00071,4.75 USD,True
BACKTESTER-001,OracleStrategy-000,MESM6.GLBX,GLBX-001,O-20260308-220254-001-000-16,O-20260308-220344-001-000-17,BUY,FLAT,0,1,1773007374720651898,2026-03-08 22:02:54.720651898+00:00,1773007424163125107,2026-03-08 22:03:44.163125107+00:00,49442473209,6699.25,6704.5,['0.00 USD'],0.00078,5.25 USD,True
BACKTESTER-001,OracleStrategy-000,MESM6.GLBX,GLBX-001,O-20260308-220344-001-000-18,O-20260308-220351-001-000-19,SELL,FLAT,0,1,1773007424163125107,2026-03-08 22:03:44.163125107+00:00,1773007431597365859,2026-03-08 22:03:51.597365859+00:00,7434240752,6704.5,6700.0,['0.00 USD'],0.00067,4.50 USD,True
BACKTESTER-001,OracleStrategy-000,MESM6.GLBX,GLBX-001,O-20260308-220351-001-000-20,O-20260308-220357-001-000-21,BUY,FLAT,0,1,1773007431597365859,2026-03-08 22:03:51.597365859+00:00,1773007437737283339,2026-03-08 22:03:57.737283339+00:00,6139917480,6700.0,6702.5,['0.00 USD'],0.00037,2.50 USD,True
BACKTESTER-001,OracleStrategy-000,MESM6.GLBX,GLBX-001,O-20260308-220357-001-000-22,O-20260308-220431-001-000-23,SELL,FLAT,0,1,1773007437737283339,2026-03-08 22:03:57.737283339+00:00,1773007471799008707,2026-03-08 22:04:31.799008707+00:00,34061725368,6702.5,6695.25,['0.00 USD'],0.00108,7.25 USD,True
BACKTESTER-001,OracleStrategy-000,MESM6.GLBX,GLBX-001,O-20260308-220431-001-000-24,O-20260308-220447-001-000-25,BUY,FLAT,0,1,1773007471799008707,2026-03-08 22:04:31.799008707+00:00,1773007487450960355,2026-03-08 22:04:47.450960355+00:00,15651951648,6695.25,6699.0,['0.00 USD'],0.00056,3.75 USD,True
BACKTESTER-001,OracleStrategy-000,MESM6.GLBX,GLBX-001,O-20260308-220447-001-000-26,O-20260308-220527-001-000-27,SELL,FLAT,0,1,1773007487450960355,2026-03-08 22:04:47.450960355+00:00,1773007527450625877,2026-03-08 22:05:27.450625877+00:00,39999665522,6699.0,6686.0,['0.00 USD'],0.00194,13.00 USD,True
BACKTESTER-001,OracleStrategy-000,MESM6.GLBX,GLBX-001,O-20260308-220527-001-000-28,O-20260308-220557-001-000-29,BUY,FLAT,0,1,1773007527450625877,2026-03-08 22:05:27.450625877+00:00,1773007557912930971,2026-03-08 22:05:57.912930971+00:00,30462305094,6686.0,6688.25,['0.00 USD'],0.00034,2.25 USD,True
BACKTESTER-001,OracleStrategy-000,MESM6.GLBX,GLBX-001,O-20260308-220557-001-000-30,O-20260308-220634-001-000-31,SELL,FLAT,0,1,1773007557912930971,2026-03-08 22:05:57.912930971+00:00,1773007594847163527,2026-03-08 22:06:34.847163527+00:00,36934232556,6688.25,6683.0,['0.00 USD'],0.00078,5.25 USD,True
BACKTESTER-001,OracleStrategy-000,MESM6.GLBX,GLBX-001,O-20260308-220634-001-000-32,O-20260308-220737-001-000-33,BUY,FLAT,0,1,1773007594847163527,2026-03-08 22:06:34.847163527+00:00,1773007657722397928,2026-03-08 22:07:37.722397928+00:00,62875234401,6683.0,6687.5,['0.00 USD'],0.00067,4.50 USD,True
BACKTESTER-001,OracleStrategy-000,MESM6.GLBX,GLBX-001,O-20260308-220737-001-000-34,O-20260308-220919-001-000-35,SELL,FLAT,0,1,1773007657722397928,2026-03-08 22:07:37.722397928+00:00,1773007759094785355,2026-03-08 22:09:19.094785355+00:00,101372387427,6687.5,6673.0,['0.00 USD'],0.00217,14.50 USD,True
BACKTESTER-001,OracleStrategy-000,MESM6.GLBX,GLBX-001,O-20260308-220919-001-000-36,O-20260308-220928-001-000-37,BUY,FLAT,0,1,1773007759094785355,2026-03-08 22:09:19.094785355+00:00,1773007768874500498,2026-03-08 22:09:28.874500498+00:00,9779715143,6673.0,6670.5,['0.00 USD'],-0.00037,-2.50 USD,True
BACKTESTER-001,OracleStrategy-000,MESM6.GLBX,GLBX-001,O-20260308-220933-001-000-39,O-20260308-221037-001-000-40,BUY,FLAT,0,1,1773007773278224751,2026-03-08 22:09:33.278224751+00:00,1773007837671416408,2026-03-08 22:10:37.671416408+00:00,64393191657,6668.5,6682.25,['0.00 USD'],0.00206,13.75 USD,True
BACKTESTER-001,OracleStrategy-000,MESM6.GLBX,GLBX-001,O-20260308-221037-001-000-41,O-20260308-221105-001-000-42,SELL,FLAT,0,1,1773007837671416408,2026-03-08 22:10:37.671416408+00:00,1773007865852709659,2026-03-08 22:11:05.852709659+00:00,28181293251,6682.25,6677.25,['0.00 USD'],0.00075,5.00 USD,True
BACKTESTER-001,OracleStrategy-000,MESM6.GLBX,GLBX-001,O-20260308-221105-001-000-43,O-20260308-221107-001-000-44,BUY,FLAT,0,1,1773007865852709659,2026-03-08 22:11:05.852709659+00:00,1773007867108595448,2026-03-08 22:11:07.108595448+00:00,1255885789,6677.25,6678.75,['0.00 USD'],0.00022,1.50 USD,True
BACKTESTER-001,OracleStrategy-000,MESM6.GLBX,GLBX-001,O-20260308-221107-001-000-45,O-20260308-221113-001-000-46,SELL,FLAT,0,1,1773007867108595448,2026-03-08 22:11:07.108595448+00:00,1773007873360012682,2026-03-08 22:11:13.360012682+00:00,6251417234,6678.75,6680.5,['0.00 USD'],-0.00026,-1.75 USD,True
BACKTESTER-001,OracleStrategy-000,MESM6.GLBX,GLBX-001,O-20260308-221114-001-000-48,O-20260308-221128-001-000-49,SELL,FLAT,0,1,1773007874679412256,2026-03-08 22:11:14.679412256+00:00,1773007888312451645,2026-03-08 22:11:28.312451645+00:00,13633039389,6680.0,6679.25,['0.00 USD'],0.00011,0.75 USD,True
BACKTESTER-001,OracleStrategy-000,MESM6.GLBX,GLBX-001,O-20260308-221128-001-000-50,O-20260308-221132-001-000-51,BUY,FLAT,0,1,1773007888312451645,2026-03-08 22:11:28.312451645+00:00,1773007892452213070,2026-03-08 22:11:32.452213070+00:00,4139761425,6679.25,6679.5,['0.00 USD'],4e-05,0.25 USD,True
BACKTESTER-001,OracleStrategy-000,MESM6.GLBX,GLBX-001,O-20260308-221132-001-000-52,O-20260308-221155-001-000-53,SELL,FLAT,0,1,1773007892452213070,2026-03-08 22:11:32.452213070+00:00,1773007915613286965,2026-03-08 22:11:55.613286965+00:00,23161073895,6679.5,6677.75,['0.00 USD'],0.00026,1.75 USD,True
BACKTESTER-001,OracleStrategy-000,MESM6.GLBX,GLBX-001,O-20260308-221155-001-000-54,O-20260308-221220-001-000-55,BUY,FLAT,0,1,1773007915613286965,2026-03-08 22:11:55.613286965+00:00,1773007940606960923,2026-03-08 22:12:20.606960923+00:00,24993673958,6677.75,6678.5,['0.00 USD'],0.00011,0.75 USD,True
BACKTESTER-001,OracleStrategy-000,MESM6.GLBX,GLBX-001,O-20260308-221228-001-000-58,O-20260308-221239-001-000-59,SELL,FLAT,0,1,1773007948006166298,2026-03-08 22:12:28.006166298+00:00,1773007959924388936,2026-03-08 22:12:39.924388936+00:00,11918222638,6679.0,6680.25,['0.00 USD'],-0.00019,-1.25 USD,True
BACKTESTER-001,OracleStrategy-000,MESM6.GLBX,GLBX-001,O-20260308-221245-001-000-61,O-20260308-221306-001-000-62,BUY,FLAT,0,1,1773007965505540987,2026-03-08 22:12:45.505540987+00:00,1773007986411328399,2026-03-08 22:13:06.411328399+00:00,20905787412,6680.75,6680.25,['0.00 USD'],-7e-05,-0.50 USD,True
BACKTESTER-001,OracleStrategy-000,MESM6.GLBX,GLBX-001,O-20260308-221306-001-000-63,O-20260308-221343-001-000-64,SELL,FLAT,0,1,1773007986411328399,2026-03-08 22:13:06.411328399+00:00,1773008023833006401,2026-03-08 22:13:43.833006401+00:00,37421678002,6680.25,6680.25,['0.00 USD'],0.0,0.00 USD,True
BACKTESTER-001,OracleStrategy-000,MESM6.GLBX,GLBX-001,O-20260308-221343-001-000-65,O-20260308-221406-001-000-66,BUY,FLAT,0,1,1773008023833006401,2026-03-08 22:13:43.833006401+00:00,1773008046280886914,2026-03-08 22:14:06.280886914+00:00,22447880513,6680.25,6678.25,['0.00 USD'],-0.0003,-2.00 USD,True
BACKTESTER-001,OracleStrategy-000,MESM6.GLBX,GLBX-001,O-20260308-221412-001-000-68,O-20260308-221440-001-000-69,SELL,FLAT,0,1,1773008052108742507,2026-03-08 22:14:12.108742507+00:00,1773008080501967056,2026-03-08 22:14:40.501967056+00:00,28393224549,6678.25,6671.25,['0.00 USD'],0.00105,7.00 USD,True
BACKTESTER-001,OracleStrategy-000,MESM6.GLBX,GLBX-001,O-20260308-221440-001-000-70,O-20260308-221607-001-000-71,BUY,FLAT,0,1,1773008080501967056,2026-03-08 22:14:40.501967056+00:00,1773008167367231115,2026-03-08 22:16:07.367231115+00:00,86865264059,6671.25,6681.25,['0.00 USD'],0.0015,10.00 USD,True
BACKTESTER-001,OracleStrategy-000,MESM6.GLBX,GLBX-001,O-20260308-221607-001-000-72,O-20260308-221615-001-000-73,SELL,FLAT,0,1,1773008167367231115,2026-03-08 22:16:07.367231115+00:00,1773008175156340853,2026-03-08 22:16:15.156340853+00:00,7789109738,6681.25,6682.0,['0.00 USD'],-0.00011,-0.75 USD,True
BACKTESTER-001,OracleStrategy-000,MESM6.GLBX,GLBX-001,O-20260308-221623-001-000-75,O-20260308-221723-001-000-76,BUY,FLAT,0,1,1773008183563065358,2026-03-08 22:16:23.563065358+00:00,1773008243887244179,2026-03-08 22:17:23.887244179+00:00,60324178821,6680.0,6685.75,['0.00 USD'],0.00086,5.75 USD,True
BACKTESTER-001,OracleStrategy-000,MESM6.GLBX,GLBX-001,O-20260308-221723-001-000-77,O-20260308-221811-001-000-78,SELL,FLAT,0,1,1773008243887244179,2026-03-08 22:17:23.887244179+00:00,1773008291015624298,2026-03-08 22:18:11.015624298+00:00,47128380119,6685.75,6683.5,['0.00 USD'],0.00034,2.25 USD,True
BACKTESTER-001,OracleStrategy-000,MESM6.GLBX,GLBX-001,O-20260308-221811-001-000-79,O-20260308-221846-001-000-80,BUY,FLAT,0,1,1773008291015624298,2026-03-08 22:18:11.015624298+00:00,1773008326771348096,2026-03-08 22:18:46.771348096+00:00,35755723798,6683.5,6684.0,['0.00 USD'],7e-05,0.50 USD,True
BACKTESTER-001,OracleStrategy-000,MESM6.GLBX,GLBX-001,O-20260308-221846-001-000-81,O-20260308-221848-001-000-82,SELL,FLAT,0,1,1773008326771348096,2026-03-08 22:18:46.771348096+00:00,1773008328483518434,2026-03-08 22:18:48.483518434+00:00,1712170338,6684.0,6683.0,['0.00 USD'],0.00015,1.00 USD,True
BACKTESTER-001,OracleStrategy-000,MESM6.GLBX,GLBX-001,O-20260308-221848-001-000-83,O-20260308-221915-001-000-84,BUY,FLAT,0,1,1773008328483518434,2026-03-08 22:18:48.483518434+00:00,1773008355185229104,2026-03-08 22:19:15.185229104+00:00,26701710670,6683.0,6684.0,['0.00 USD'],0.00015,1.00 USD,True
BACKTESTER-001,OracleStrategy-000,MESM6.GLBX,GLBX-001,O-20260308-221915-001-000-85,O-20260308-221927-001-000-86,SELL,FLAT,0,1,1773008355185229104,2026-03-08 22:19:15.185229104+00:00,1773008367554039938,2026-03-08 22:19:27.554039938+00:00,12368810834,6684.0,6683.0,['0.00 USD'],0.00015,1.00 USD,True
BACKTESTER-001,OracleStrategy-000,MESM6.GLBX,GLBX-001,O-20260308-221927-001-000-87,O-20260308-222032-001-000-88,BUY,FLAT,0,1,1773008367554039938,2026-03-08 22:19:27.554039938+00:00,1773008432217690571,2026-03-08 22:20:32.217690571+00:00,64663650633,6683.0,6688.0,['0.00 USD'],0.00075,5.00 USD,True
BACKTESTER-001,OracleStrategy-000,MESM6.GLBX,GLBX-001,O-20260308-222032-001-000-89,O-20260308-222117-001-000-90,SELL,FLAT,0,1,1773008432217690571,2026-03-08 22:20:32.217690571+00:00,1773008477583906898,2026-03-08 22:21:17.583906898+00:00,45366216327,6688.0,6685.5,['0.00 USD'],0.00037,2.50 USD,True
BACKTESTER-001,OracleStrategy-000,MESM6.GLBX,GLBX-001,O-20260308-222117-001-000-91,O-20260308-222141-001-000-92,BUY,FLAT,0,1,1773008477583906898,2026-03-08 22:21:17.583906898+00:00,1773008501973159120,2026-03-08 22:21:41.973159120+00:00,24389252222,6685.5,6686.5,['0.00 USD'],0.00015,1.00 USD,True
BACKTESTER-001,OracleStrategy-000,MESM6.GLBX,GLBX-001,O-20260308-222141-001-000-93,O-20260308-222424-001-000-94,SELL,FLAT,0,1,1773008501973159120,2026-03-08 22:21:41.973159120+00:00,1773008664824441305,2026-03-08 22:24:24.824441305+00:00,162851282185,6686.5,6677.25,['0.00 USD'],0.00138,9.25 USD,True
BACKTESTER-001,OracleStrategy-000,MESM6.GLBX,GLBX-001,O-20260308-222424-001-000-95,O-20260308-222501-001-000-96,BUY,FLAT,0,1,1773008664824441305,2026-03-08 22:24:24.824441305+00:00,1773008701038484024,2026-03-08 22:25:01.038484024+00:00,36214042719,6677.25,6678.5,['0.00 USD'],0.00019,1.25 USD,True
BACKTESTER-001,OracleStrategy-000,MESM6.GLBX,GLBX-001,O-20260308-222501-001-000-97,O-20260308-222609-001-000-98,SELL,FLAT,0,1,1773008701038484024,2026-03-08 22:25:01.038484024+00:00,1773008769803400058,2026-03-08 22:26:09.803400058+00:00,68764916034,6678.5,6675.25,['0.00 USD'],0.00049,3.25 USD,True
BACKTESTER-001,OracleStrategy-000,MESM6.GLBX,GLBX-001,O-20260308-222609-001-000-99,O-20260308-222625-001-000-100,BUY,FLAT,0,1,1773008769803400058,2026-03-08 22:26:09.803400058+00:00,1773008785575297570,2026-03-08 22:26:25.575297570+00:00,15771897512,6675.25,6676.5,['0.00 USD'],0.00019,1.25 USD,True
BACKTESTER-001,OracleStrategy-000,MESM6.GLBX,GLBX-001,O-20260308-222625-001-000-101,O-20260308-222642-001-000-102,SELL,FLAT,0,1,1773008785575297570,2026-03-08 22:26:25.575297570+00:00,1773008802780422864,2026-03-08 22:26:42.780422864+00:00,17205125294,6676.5,6675.0,['0.00 USD'],0.00022,1.50 USD,True
BACKTESTER-001,OracleStrategy-000,MESM6.GLBX,GLBX-001,O-20260308-222642-001-000-103,O-20260308-222645-001-000-104,BUY,FLAT,0,1,1773008802780422864,2026-03-08 22:26:42.780422864+00:00,1773008805989344002,2026-03-08 22:26:45.989344002+00:00,3208921138,6675.0,6676.0,['0.00 USD'],0.00015,1.00 USD,True
BACKTESTER-001,OracleStrategy-000,MESM6.GLBX,GLBX-001,O-20260308-222645-001-000-105,O-20260308-222739-001-000-106,SELL,FLAT,0,1,1773008805989344002,2026-03-08 22:26:45.989344002+00:00,1773008859210576637,2026-03-08 22:27:39.210576637+00:00,53221232635,6676.0,6674.0,['0.00 USD'],0.0003,2.00 USD,True
BACKTESTER-001,OracleStrategy-000,MESM6.GLBX,GLBX-001,O-20260308-222739-001-000-107,O-20260308-223042-001-000-108,BUY,FLAT,0,1,1773008859210576637,2026-03-08 22:27:39.210576637+00:00,1773009042912388358,2026-03-08 22:30:42.912388358+00:00,183701811721,6674.0,6683.0,['0.00 USD'],0.00135,9.00 USD,True
BACKTESTER-001,OracleStrategy-000,MESM6.GLBX,GLBX-001,O-20260308-223042-001-000-109,O-20260308-223101-001-000-110,SELL,FLAT,0,1,1773009042912388358,2026-03-08 22:30:42.912388358+00:00,1773009061681602245,2026-03-08 22:31:01.681602245+00:00,18769213887,6683.0,6683.0,['0.00 USD'],0.0,0.00 USD,True
BACKTESTER-001,OracleStrategy-000,MESM6.GLBX,GLBX-001,O-20260308-223101-001-000-111,O-20260308-223131-001-000-112,BUY,FLAT,0,1,1773009061681602245,2026-03-08 22:31:01.681602245+00:00,1773009091184415500,2026-03-08 22:31:31.184415500+00:00,29502813255,6683.0,6682.5,['0.00 USD'],-7e-05,-0.50 USD,True
BACKTESTER-001,OracleStrategy-000,MESM6.GLBX,GLBX-001,O-20260308-223209-001-000-114,O-20260308-223352-001-000-115,BUY,FLAT,0,1,1773009129469355830,2026-03-08 22:32:09.469355830+00:00,1773009232944220514,2026-03-08 22:33:52.944220514+00:00,103474864684,6681.25,6687.0,['0.00 USD'],0.00086,5.75 USD,True
BACKTESTER-001,OracleStrategy-000,MESM6.GLBX,GLBX-001,O-20260308-223352-001-000-116,O-20260308-223406-001-000-117,SELL,FLAT,0,1,1773009232944220514,2026-03-08 22:33:52.944220514+00:00,1773009246253808121,2026-03-08 22:34:06.253808121+00:00,13309587607,6687.0,6686.5,['0.00 USD'],7e-05,0.50 USD,True
BACKTESTER-001,OracleStrategy-000,MESM6.GLBX,GLBX-001,O-20260308-223406-001-000-118,O-20260308-223434-001-000-119,BUY,FLAT,0,1,1773009246253808121,2026-03-08 22:34:06.253808121+00:00,1773009274840949139,2026-03-08 22:34:34.840949139+00:00,28587141018,6686.5,6686.5,['0.00 USD'],0.0,0.00 USD,True
BACKTESTER-001,OracleStrategy-000,MESM6.GLBX,GLBX-001,O-20260308-223434-001-000-120,O-20260308-223454-001-000-121,SELL,FLAT,0,1,1773009274840949139,2026-03-08 22:34:34.840949139+00:00,1773009294739812637,2026-03-08 22:34:54.739812637+00:00,19898863498,6686.5,6686.75,['0.00 USD'],-4e-05,-0.25 USD,True
BACKTESTER-001,OracleStrategy-000,MESM6.GLBX,GLBX-001,O-20260308-223454-001-000-122,O-20260308-223532-001-000-123,BUY,FLAT,0,1,1773009294739812637,2026-03-08 22:34:54.739812637+00:00,1773009332326497234,2026-03-08 22:35:32.326497234+00:00,37586684597,6686.75,6688.0,['0.00 USD'],0.00019,1.25 USD,True
BACKTESTER-001,OracleStrategy-000,MESM6.GLBX,GLBX-001,O-20260308-223532-001-000-124,O-20260308-223556-001-000-125,SELL,FLAT,0,1,1773009332326497234,2026-03-08 22:35:32.326497234+00:00,1773009356819279667,2026-03-08 22:35:56.819279667+00:00,24492782433,6688.0,6687.25,['0.00 USD'],0.00011,0.75 USD,True
BACKTESTER-001,OracleStrategy-000,MESM6.GLBX,GLBX-001,O-20260308-223556-001-000-126,O-20260308-223624-001-000-127,BUY,FLAT,0,1,1773009356819279667,2026-03-08 22:35:56.819279667+00:00,1773009384366094015,2026-03-08 22:36:24.366094015+00:00,27546814348,6687.25,6689.25,['0.00 USD'],0.0003,2.00 USD,True
BACKTESTER-001,OracleStrategy-000,MESM6.GLBX,GLBX-001,O-20260308-223624-001-000-128,O-20260308-223742-001-000-129,SELL,FLAT,0,1,1773009384366094015,2026-03-08 22:36:24.366094015+00:00,1773009462328873253,2026-03-08 22:37:42.328873253+00:00,77962779238,6689.25,6685.0,['0.00 USD'],0.00064,4.25 USD,True
BACKTESTER-001,OracleStrategy-000,MESM6.GLBX,GLBX-001,O-20260308-223742-001-000-130,O-20260308-223917-001-000-131,BUY,FLAT,0,1,1773009462328873253,2026-03-08 22:37:42.328873253+00:00,1773009557589948660,2026-03-08 22:39:17.589948660+00:00,95261075407,6685.0,6686.75,['0.00 USD'],0.00026,1.75 USD,True
BACKTESTER-001,OracleStrategy-000,MESM6.GLBX,GLBX-001,O-20260308-223917-001-000-132,O-20260308-223958-001-000-133,SELL,FLAT,0,1,1773009557589948660,2026-03-08 22:39:17.589948660+00:00,1773009598658161997,2026-03-08 22:39:58.658161997+00:00,41068213337,6686.75,6685.75,['0.00 USD'],0.00015,1.00 USD,True
BACKTESTER-001,OracleStrategy-000,MESM6.GLBX,GLBX-001,O-20260308-223958-001-000-134,O-20260308-224042-001-000-135,BUY,FLAT,0,1,1773009598658161997,2026-03-08 22:39:58.658161997+00:00,1773009642963542450,2026-03-08 22:40:42.963542450+00:00,44305380453,6685.75,6686.5,['0.00 USD'],0.00011,0.75 USD,True
BACKTESTER-001,OracleStrategy-000,MESM6.GLBX,GLBX-001,O-20260308-224042-001-000-136,O-20260308-224121-001-000-137,SELL,FLAT,0,1,1773009642963542450,2026-03-08 22:40:42.963542450+00:00,1773009681309552976,2026-03-08 22:41:21.309552976+00:00,38346010526,6686.5,6684.75,['0.00 USD'],0.00026,1.75 USD,True
BACKTESTER-001,OracleStrategy-000,MESM6.GLBX,GLBX-001,O-20260308-224121-001-000-138,O-20260308-224144-001-000-139,BUY,FLAT,0,1,1773009681309552976,2026-03-08 22:41:21.309552976+00:00,1773009704194192848,2026-03-08 22:41:44.194192848+00:00,22884639872,6684.75,6685.0,['0.00 USD'],4e-05,0.25 USD,True
BACKTESTER-001,OracleStrategy-000,MESM6.GLBX,GLBX-001,O-20260308-224144-001-000-140,O-20260308-224240-001-000-141,SELL,FLAT,0,1,1773009704194192848,2026-03-08 22:41:44.194192848+00:00,1773009760244536280,2026-03-08 22:42:40.244536280+00:00,56050343432,6685.0,6685.0,['0.00 USD'],0.0,0.00 USD,True
BACKTESTER-001,OracleStrategy-000,MESM6.GLBX,GLBX-001,O-20260308-224240-001-000-142,O-20260308-224329-001-000-143,BUY,FLAT,0,1,1773009760244536280,2026-03-08 22:42:40.244536280+00:00,1773009809161136912,2026-03-08 22:43:29.161136912+00:00,48916600632,6685.0,6685.25,['0.00 USD'],4e-05,0.25 USD,True
BACKTESTER-001,OracleStrategy-000,MESM6.GLBX,GLBX-001,O-20260308-224329-001-000-144,O-20260308-224434-001-000-145,SELL,FLAT,0,1,1773009809161136912,2026-03-08 22:43:29.161136912+00:00,1773009874716368525,2026-03-08 22:44:34.716368525+00:00,65555231613,6685.25,6682.0,['0.00 USD'],0.00049,3.25 USD,True
BACKTESTER-001,OracleStrategy-000,MESM6.GLBX,GLBX-001,O-20260308-224434-001-000-146,O-20260308-224619-001-000-147,BUY,FLAT,0,1,1773009874716368525,2026-03-08 22:44:34.716368525+00:00,1773009979544408488,2026-03-08 22:46:19.544408488+00:00,104828039963,6682.0,6688.25,['0.00 USD'],0.00094,6.25 USD,True
BACKTESTER-001,OracleStrategy-000,MESM6.GLBX,GLBX-001,O-20260308-224619-001-000-148,O-20260308-224742-001-000-149,SELL,FLAT,0,1,1773009979544408488,2026-03-08 22:46:19.544408488+00:00,1773010062873851839,2026-03-08 22:47:42.873851839+00:00,83329443351,6688.25,6688.25,['0.00 USD'],0.0,0.00 USD,True
BACKTESTER-001,OracleStrategy-000,MESM6.GLBX,GLBX-001,O-20260308-224742-001-000-150,O-20260308-224841-001-000-151,BUY,FLAT,0,1,1773010062873851839,2026-03-08 22:47:42.873851839+00:00,1773010121441692250,2026-03-08 22:48:41.441692250+00:00,58567840411,6688.25,6690.0,['0.00 USD'],0.00026,1.75 USD,True
BACKTESTER-001,OracleStrategy-000,MESM6.GLBX,GLBX-001,O-20260308-224841-001-000-152,O-20260308-225127-001-000-153,SELL,FLAT,0,1,1773010121441692250,2026-03-08 22:48:41.441692250+00:00,1773010287694579584,2026-03-08 22:51:27.694579584+00:00,166252887334,6690.0,6686.25,['0.00 USD'],0.00056,3.75 USD,True
BACKTESTER-001,OracleStrategy-000,MESM6.GLBX,GLBX-001,O-20260308-225127-001-000-154,O-20260308-225232-001-000-155,BUY,FLAT,0,1,1773010287694579584,2026-03-08 22:51:27.694579584+00:00,1773010352817699623,2026-03-08 22:52:32.817699623+00:00,65123120039,6686.25,6687.75,['0.00 USD'],0.00022,1.50 USD,True
BACKTESTER-001,OracleStrategy-000,MESM6.GLBX,GLBX-001,O-20260308-225232-001-000-156,O-20260308-225246-001-000-157,SELL,FLAT,0,1,1773010352817699623,2026-03-08 22:52:32.817699623+00:00,1773010366402007547,2026-03-08 22:52:46.402007547+00:00,13584307924,6687.75,6685.75,['0.00 USD'],0.0003,2.00 USD,True
BACKTESTER-001,OracleStrategy-000,MESM6.GLBX,GLBX-001,O-20260308-225246-001-000-158,O-20260308-225316-001-000-159,BUY,FLAT,0,1,1773010366402007547,2026-03-08 22:52:46.402007547+00:00,1773010396238120960,2026-03-08 22:53:16.238120960+00:00,29836113413,6685.75,6686.0,['0.00 USD'],4e-05,0.25 USD,True
BACKTESTER-001,OracleStrategy-000,MESM6.GLBX,GLBX-001,O-20260308-225316-001-000-160,O-20260308-225328-001-000-161,SELL,FLAT,0,1,1773010396238120960,2026-03-08 22:53:16.238120960+00:00,1773010408970674445,2026-03-08 22:53:28.970674445+00:00,12732553485,6686.0,6686.75,['0.00 USD'],-0.00011,-0.75 USD,True
BACKTESTER-001,OracleStrategy-000,MESM6.GLBX,GLBX-001,O-20260308-225328-001-000-162,O-20260308-225419-001-000-163,BUY,FLAT,0,1,1773010408970674445,2026-03-08 22:53:28.970674445+00:00,1773010459377962131,2026-03-08 22:54:19.377962131+00:00,50407287686,6686.75,6688.5,['0.00 USD'],0.00026,1.75 USD,True
BACKTESTER-001,OracleStrategy-000,MESM6.GLBX,GLBX-001,O-20260308-225419-001-000-164,O-20260308-225451-001-000-165,SELL,FLAT,0,1,1773010459377962131,2026-03-08 22:54:19.377962131+00:00,1773010491932607520,2026-03-08 22:54:51.932607520+00:00,32554645389,6688.5,6686.25,['0.00 USD'],0.00034,2.25 USD,True
BACKTESTER-001,OracleStrategy-000,MESM6.GLBX,GLBX-001,O-20260308-225451-001-000-166,O-20260308-225510-001-000-167,BUY,FLAT,0,1,1773010491932607520,2026-03-08 22:54:51.932607520+00:00,1773010510113903779,2026-03-08 22:55:10.113903779+00:00,18181296259,6686.25,6688.75,['0.00 USD'],0.00037,2.50 USD,True
BACKTESTER-001,OracleStrategy-000,MESM6.GLBX,GLBX-001,O-20260308-225510-001-000-168,O-20260308-225602-001-000-169,SELL,FLAT,0,1,1773010510113903779,2026-03-08 22:55:10.113903779+00:00,1773010562924886677,2026-03-08 22:56:02.924886677+00:00,52810982898,6688.75,6686.5,['0.00 USD'],0.00034,2.25 USD,True
BACKTESTER-001,OracleStrategy-000,MESM6.GLBX,GLBX-001,O-20260308-225602-001-000-170,O-20260308-225634-001-000-171,BUY,FLAT,0,1,1773010562924886677,2026-03-08 22:56:02.924886677+00:00,1773010594981532891,2026-03-08 22:56:34.981532891+00:00,32056646214,6686.5,6686.75,['0.00 USD'],4e-05,0.25 USD,True
BACKTESTER-001,OracleStrategy-000,MESM6.GLBX,GLBX-001,O-20260308-225634-001-000-172,O-20260308-225741-001-000-173,SELL,FLAT,0,1,1773010594981532891,2026-03-08 22:56:34.981532891+00:00,1773010661258245608,2026-03-08 22:57:41.258245608+00:00,66276712717,6686.75,6683.25,['0.00 USD'],0.00052,3.50 USD,True
BACKTESTER-001,OracleStrategy-000,MESM6.GLBX,GLBX-001,O-20260308-225741-001-000-174,O-20260308-230004-001-000-175,BUY,FLAT,0,1,1773010661258245608,2026-03-08 22:57:41.258245608+00:00,1773010804890508709,2026-03-08 23:00:04.890508709+00:00,143632263101,6683.25,6694.0,['0.00 USD'],0.00161,10.75 USD,True
BACKTESTER-001,OracleStrategy-000,MESM6.GLBX,GLBX-001,O-20260308-230004-001-000-176,O-20260308-230042-001-000-177,SELL,FLAT,0,1,1773010804890508709,2026-03-08 23:00:04.890508709+00:00,1773010842706578259,2026-03-08 23:00:42.706578259+00:00,37816069550,6694.0,6691.75,['0.00 USD'],0.00034,2.25 USD,True
BACKTESTER-001,OracleStrategy-000,MESM6.GLBX,GLBX-001,O-20260308-230042-001-000-178,O-20260308-230045-001-000-179,BUY,FLAT,0,1,1773010842706578259,2026-03-08 23:00:42.706578259+00:00,1773010845539320020,2026-03-08 23:00:45.539320020+00:00,2832741761,6691.75,6692.5,['0.00 USD'],0.00011,0.75 USD,True
BACKTESTER-001,OracleStrategy-000,MESM6.GLBX,GLBX-001,O-20260308-230045-001-000-180,O-20260308-230255-001-000-181,SELL,FLAT,0,1,1773010845539320020,2026-03-08 23:00:45.539320020+00:00,1773010975477532023,2026-03-08 23:02:55.477532023+00:00,129938212003,6692.5,6688.5,['0.00 USD'],0.0006,4.00 USD,True
BACKTESTER-001,OracleStrategy-000,MESM6.GLBX,GLBX-001,O-20260308-230255-001-000-182,O-20260308-230409-001-000-183,BUY,FLAT,0,1,1773010975477532023,2026-03-08 23:02:55.477532023+00:00,1773011049550407905,2026-03-08 23:04:09.550407905+00:00,74072875882,6688.5,6692.0,['0.00 USD'],0.00052,3.50 USD,True
BACKTESTER-001,OracleStrategy-000,MESM6.GLBX,GLBX-001,O-20260308-230409-001-000-184,O-20260308-230454-001-000-185,SELL,FLAT,0,1,1773011049550407905,2026-03-08 23:04:09.550407905+00:00,1773011094587562055,2026-03-08 23:04:54.587562055+00:00,45037154150,6692.0,6690.25,['0.00 USD'],0.00026,1.75 USD,True
BACKTESTER-001,OracleStrategy-000,MESM6.GLBX,GLBX-001,O-20260308-230454-001-000-186,O-20260308-230543-001-000-187,BUY,FLAT,0,1,1773011094587562055,2026-03-08 23:04:54.587562055+00:00,1773011143310561811,2026-03-08 23:05:43.310561811+00:00,48722999756,6690.25,6690.25,['0.00 USD'],0.0,0.00 USD,True
BACKTESTER-001,OracleStrategy-000,MESM6.GLBX,GLBX-001,O-20260308-230543-001-000-188,O-20260308-230708-001-000-189,SELL,FLAT,0,1,1773011143310561811,2026-03-08 23:05:43.310561811+00:00,1773011228320532853,2026-03-08 23:07:08.320532853+00:00,85009971042,6690.25,6686.0,['0.00 USD'],0.00064,4.25 USD,True
BACKTESTER-001,OracleStrategy-000,MESM6.GLBX,GLBX-001,O-20260308-230708-001-000-190,O-20260308-230745-001-000-191,BUY,FLAT,0,1,1773011228320532853,2026-03-08 23:07:08.320532853+00:00,1773011265397604867,2026-03-08 23:07:45.397604867+00:00,37077072014,6686.0,6684.75,['0.00 USD'],-0.00019,-1.25 USD,True
BACKTESTER-001,OracleStrategy-000,MESM6.GLBX,GLBX-001,O-20260308-230745-001-000-192,O-20260308-230824-001-000-193,SELL,FLAT,0,1,1773011265397604867,2026-03-08 23:07:45.397604867+00:00,1773011304779501423,2026-03-08 23:08:24.779501423+00:00,39381896556,6684.75,6681.25,['0.00 USD'],0.00052,3.50 USD,True
BACKTESTER-001,OracleStrategy-000,MESM6.GLBX,GLBX-001,O-20260308-230824-001-000-194,O-20260308-230917-001-000-195,BUY,FLAT,0,1,1773011304779501423,2026-03-08 23:08:24.779501423+00:00,1773011357346365440,2026-03-08 23:09:17.346365440+00:00,52566864017,6681.25,6682.5,['0.00 USD'],0.00019,1.25 USD,True
BACKTESTER-001,OracleStrategy-000,MESM6.GLBX,GLBX-001,O-20260308-230917-001-000-196,O-20260308-230939-001-000-197,SELL,FLAT,0,1,1773011357346365440,2026-03-08 23:09:17.346365440+00:00,1773011379321358019,2026-03-08 23:09:39.321358019+00:00,21974992579,6682.5,6680.25,['0.00 USD'],0.00034,2.25 USD,True
BACKTESTER-001,OracleStrategy-000,MESM6.GLBX,GLBX-001,O-20260308-230939-001-000-198,O-20260308-231018-001-000-199,BUY,FLAT,0,1,1773011379321358019,2026-03-08 23:09:39.321358019+00:00,1773011418761508118,2026-03-08 23:10:18.761508118+00:00,39440150099,6680.25,6679.0,['0.00 USD'],-0.00019,-1.25 USD,True
BACKTESTER-001,OracleStrategy-000,MESM6.GLBX,GLBX-001,O-20260308-231018-001-000-200,O-20260308-231042-001-000-201,SELL,FLAT,0,1,1773011418761508118,2026-03-08 23:10:18.761508118+00:00,1773011442050033864,2026-03-08 23:10:42.050033864+00:00,23288525746,6679.0,6678.0,['0.00 USD'],0.00015,1.00 USD,True
BACKTESTER-001,OracleStrategy-000,MESM6.GLBX,GLBX-001,O-20260308-231042-001-000-202,O-20260308-231048-001-000-203,BUY,FLAT,0,1,1773011442050033864,2026-03-08 23:10:42.050033864+00:00,1773011448488622661,2026-03-08 23:10:48.488622661+00:00,6438588797,6678.0,6680.75,['0.00 USD'],0.00041,2.75 USD,True
BACKTESTER-001,OracleStrategy-000,MESM6.GLBX,GLBX-001,O-20260308-231048-001-000-204,O-20260308-231056-001-000-205,SELL,FLAT,0,1,1773011448488622661,2026-03-08 23:10:48.488622661+00:00,1773011456243062289,2026-03-08 23:10:56.243062289+00:00,7754439628,6680.75,6678.75,['0.00 USD'],0.0003,2.00 USD,True
BACKTESTER-001,OracleStrategy-000,MESM6.GLBX,GLBX-001,O-20260308-231056-001-000-206,O-20260308-231113-001-000-207,BUY,FLAT,0,1,1773011456243062289,2026-03-08 23:10:56.243062289+00:00,1773011473293782947,2026-03-08 23:11:13.293782947+00:00,17050720658,6678.75,6679.5,['0.00 USD'],0.00011,0.75 USD,True
BACKTESTER-001,OracleStrategy-000,MESM6.GLBX,GLBX-001,O-20260308-231113-001-000-208,O-20260308-231230-001-000-209,SELL,FLAT,0,1,1773011473293782947,2026-03-08 23:11:13.293782947+00:00,1773011550086323234,2026-03-08 23:12:30.086323234+00:00,76792540287,6679.5,6678.5,['0.00 USD'],0.00015,1.00 USD,True
BACKTESTER-001,OracleStrategy-000,MESM6.GLBX,GLBX-001,O-20260308-231230-001-000-210,O-20260308-231303-001-000-211,BUY,FLAT,0,1,1773011550086323234,2026-03-08 23:12:30.086323234+00:00,1773011583746979792,2026-03-08 23:13:03.746979792+00:00,33660656558,6678.5,6679.5,['0.00 USD'],0.00015,1.00 USD,True
BACKTESTER-001,OracleStrategy-000,MESM6.GLBX,GLBX-001,O-20260308-231303-001-000-212,O-20260308-231502-001-000-213,SELL,FLAT,0,1,1773011583746979792,2026-03-08 23:13:03.746979792+00:00,1773011702744464301,2026-03-08 23:15:02.744464301+00:00,118997484509,6679.5,6680.75,['0.00 USD'],-0.00019,-1.25 USD,True
BACKTESTER-001,OracleStrategy-000,MESM6.GLBX,GLBX-001,O-20260308-231502-001-000-214,O-20260308-231539-001-000-215,BUY,FLAT,0,1,1773011702744464301,2026-03-08 23:15:02.744464301+00:00,1773011739138836039,2026-03-08 23:15:39.138836039+00:00,36394371738,6680.75,6680.5,['0.00 USD'],-4e-05,-0.25 USD,True
BACKTESTER-001,OracleStrategy-000,MESM6.GLBX,GLBX-001,O-20260308-231539-001-000-216,O-20260308-231551-001-000-217,SELL,FLAT,0,1,1773011739138836039,2026-03-08 23:15:39.138836039+00:00,1773011751768551523,2026-03-08 23:15:51.768551523+00:00,12629715484,6680.5,6680.5,['0.00 USD'],0.0,0.00 USD,True
BACKTESTER-001,OracleStrategy-000,MESM6.GLBX,GLBX-001,O-20260308-231551-001-000-218,O-20260308-231701-001-000-219,BUY,FLAT,0,1,1773011751768551523,2026-03-08 23:15:51.768551523+00:00,1773011821835947125,2026-03-08 23:17:01.835947125+00:00,70067395602,6680.5,6683.5,['0.00 USD'],0.00045,3.00 USD,True
BACKTESTER-001,OracleStrategy-000,MESM6.GLBX,GLBX-001,O-20260308-231701-001-000-220,O-20260308-231709-001-000-221,SELL,FLAT,0,1,1773011821835947125,2026-03-08 23:17:01.835947125+00:00,1773011829788696936,2026-03-08 23:17:09.788696936+00:00,7952749811,6683.5,6683.5,['0.00 USD'],0.0,0.00 USD,True
BACKTESTER-001,OracleStrategy-000,MESM6.GLBX,GLBX-001,O-20260308-231709-001-000-222,O-20260308-232259-001-000-223,BUY,FLAT,0,1,1773011829788696936,2026-03-08 23:17:09.788696936+00:00,1773012179430477055,2026-03-08 23:22:59.430477055+00:00,349641780119,6683.5,6686.5,['0.00 USD'],0.00045,3.00 USD,True
BACKTESTER-001,OracleStrategy-000,MESM6.GLBX,GLBX-001,O-20260308-232259-001-000-224,O-20260308-232608-001-000-225,SELL,FLAT,0,1,1773012179430477055,2026-03-08 23:22:59.430477055+00:00,1773012368968035467,2026-03-08 23:26:08.968035467+00:00,189537558412,6686.5,6683.5,['0.00 USD'],0.00045,3.00 USD,True
BACKTESTER-001,OracleStrategy-000,MESM6.GLBX,GLBX-001,O-20260308-232608-001-000-226,O-20260308-232619-001-000-227,BUY,FLAT,0,1,1773012368968035467,2026-03-08 23:26:08.968035467+00:00,1773012379918149527,2026-03-08 23:26:19.918149527+00:00,10950114060,6683.5,6683.0,['0.00 USD'],-7e-05,-0.50 USD,True
BACKTESTER-001,OracleStrategy-000,MESM6.GLBX,GLBX-001,O-20260308-232619-001-000-228,O-20260308-232747-001-000-229,SELL,FLAT,0,1,1773012379918149527,2026-03-08 23:26:19.918149527+00:00,1773012467260663013,2026-03-08 23:27:47.260663013+00:00,87342513486,6683.0,6681.0,['0.00 USD'],0.0003,2.00 USD,True
BACKTESTER-001,OracleStrategy-000,MESM6.GLBX,GLBX-001,O-20260308-232747-001-000-230,O-20260308-232952-001-000-231,BUY,FLAT,0,1,1773012467260663013,2026-03-08 23:27:47.260663013+00:00,1773012592667948374,2026-03-08 23:29:52.667948374+00:00,125407285361,6681.0,6683.5,['0.00 USD'],0.00037,2.50 USD,True
BACKTESTER-001,OracleStrategy-000,MESM6.GLBX,GLBX-001,O-20260308-232952-001-000-232,O-20260308-233031-001-000-233,SELL,FLAT,0,1,1773012592667948374,2026-03-08 23:29:52.667948374+00:00,1773012631092544043,2026-03-08 23:30:31.092544043+00:00,38424595669,6683.5,6683.25,['0.00 USD'],4e-05,0.25 USD,True
BACKTESTER-001,OracleStrategy-000,MESM6.GLBX,GLBX-001,O-20260308-233031-001-000-234,O-20260308-233142-001-000-235,BUY,FLAT,0,1,1773012631092544043,2026-03-08 23:30:31.092544043+00:00,1773012702649830859,2026-03-08 23:31:42.649830859+00:00,71557286816,6683.25,6682.5,['0.00 USD'],-0.00011,-0.75 USD,True
BACKTESTER-001,OracleStrategy-000,MESM6.GLBX,GLBX-001,O-20260308-233142-001-000-236,O-20260308-233149-001-000-237,SELL,FLAT,0,1,1773012702649830859,2026-03-08 23:31:42.649830859+00:00,1773012709709694504,2026-03-08 23:31:49.709694504+00:00,7059863645,6682.5,6683.25,['0.00 USD'],-0.00011,-0.75 USD,True
BACKTESTER-001,OracleStrategy-000,MESM6.GLBX,GLBX-001,O-20260308-233149-001-000-238,O-20260308-233209-001-000-239,BUY,FLAT,0,1,1773012709709694504,2026-03-08 23:31:49.709694504+00:00,1773012729587186030,2026-03-08 23:32:09.587186030+00:00,19877491526,6683.25,6683.75,['0.00 USD'],7e-05,0.50 USD,True
BACKTESTER-001,OracleStrategy-000,MESM6.GLBX,GLBX-001,O-20260308-233209-001-000-240,O-20260308-233325-001-000-241,SELL,FLAT,0,1,1773012729587186030,2026-03-08 23:32:09.587186030+00:00,1773012805591583328,2026-03-08 23:33:25.591583328+00:00,76004397298,6683.75,6677.25,['0.00 USD'],0.00097,6.50 USD,True
BACKTESTER-001,OracleStrategy-000,MESM6.GLBX,GLBX-001,O-20260308-233325-001-000-242,O-20260308-233427-001-000-243,BUY,FLAT,0,1,1773012805591583328,2026-03-08 23:33:25.591583328+00:00,1773012867754573883,2026-03-08 23:34:27.754573883+00:00,62162990555,6677.25,6679.75,['0.00 USD'],0.00037,2.50 USD,True
BACKTESTER-001,OracleStrategy-000,MESM6.GLBX,GLBX-001,O-20260308-233427-001-000-244,O-20260308-233532-001-000-245,SELL,FLAT,0,1,1773012867754573883,2026-03-08 23:34:27.754573883+00:00,1773012932665604360,2026-03-08 23:35:32.665604360+00:00,64911030477,6679.75,6679.25,['0.00 USD'],7e-05,0.50 USD,True
BACKTESTER-001,OracleStrategy-000,MESM6.GLBX,GLBX-001,O-20260308-233532-001-000-246,O-20260308-233620-001-000-247,BUY,FLAT,0,1,1773012932665604360,2026-03-08 23:35:32.665604360+00:00,1773012980766795744,2026-03-08 23:36:20.766795744+00:00,48101191384,6679.25,6681.0,['0.00 USD'],0.00026,1.75 USD,True
BACKTESTER-001,OracleStrategy-000,MESM6.GLBX,GLBX-001,O-20260308-233620-001-000-248,O-20260308-233704-001-000-249,SELL,FLAT,0,1,1773012980766795744,2026-03-08 23:36:20.766795744+00:00,1773013024742350942,2026-03-08 23:37:04.742350942+00:00,43975555198,6681.0,6680.0,['0.00 USD'],0.00015,1.00 USD,True
BACKTESTER-001,OracleStrategy-000,MESM6.GLBX,GLBX-001,O-20260308-233704-001-000-250,O-20260308-233721-001-000-251,BUY,FLAT,0,1,1773013024742350942,2026-03-08 23:37:04.742350942+00:00,1773013041532125559,2026-03-08 23:37:21.532125559+00:00,16789774617,6680.0,6678.5,['0.00 USD'],-0.00022,-1.50 USD,True
BACKTESTER-001,OracleStrategy-000,MESM6.GLBX,GLBX-001,O-20260308-233721-001-000-252,O-20260308-233817-001-000-253,SELL,FLAT,0,1,1773013041532125559,2026-03-08 23:37:21.532125559+00:00,1773013097103410273,2026-03-08 23:38:17.103410273+00:00,55571284714,6678.5,6676.5,['0.00 USD'],0.0003,2.00 USD,True
BACKTESTER-001,OracleStrategy-000,MESM6.GLBX,GLBX-001,O-20260308-233817-001-000-254,O-20260308-233828-001-000-255,BUY,FLAT,0,1,1773013097103410273,2026-03-08 23:38:17.103410273+00:00,1773013108912013630,2026-03-08 23:38:28.912013630+00:00,11808603357,6676.5,6675.25,['0.00 USD'],-0.00019,-1.25 USD,True
BACKTESTER-001,OracleStrategy-000,MESM6.GLBX,GLBX-001,O-20260308-233828-001-000-256,O-20260308-233930-001-000-257,SELL,FLAT,0,1,1773013108912013630,2026-03-08 23:38:28.912013630+00:00,1773013170987523055,2026-03-08 23:39:30.987523055+00:00,62075509425,6675.25,6674.0,['0.00 USD'],0.00019,1.25 USD,True
BACKTESTER-001,OracleStrategy-000,MESM6.GLBX,GLBX-001,O-20260308-233930-001-000-258,O-20260308-234112-001-000-259,BUY,FLAT,0,1,1773013170987523055,2026-03-08 23:39:30.987523055+00:00,1773013272206098457,2026-03-08 23:41:12.206098457+00:00,101218575402,6674.0,6677.25,['0.00 USD'],0.00049,3.25 USD,True
BACKTESTER-001,OracleStrategy-000,MESM6.GLBX,GLBX-001,O-20260308-234112-001-000-260,O-20260308-234130-001-000-261,SELL,FLAT,0,1,1773013272206098457,2026-03-08 23:41:12.206098457+00:00,1773013290803106978,2026-03-08 23:41:30.803106978+00:00,18597008521,6677.25,6676.5,['0.00 USD'],0.00011,0.75 USD,True
BACKTESTER-001,OracleStrategy-000,MESM6.GLBX,GLBX-001,O-20260308-234130-001-000-262,O-20260308-234402-001-000-263,BUY,FLAT,0,1,1773013290803106978,2026-03-08 23:41:30.803106978+00:00,1773013442170833199,2026-03-08 23:44:02.170833199+00:00,151367726221,6676.5,6679.0,['0.00 USD'],0.00037,2.50 USD,True
BACKTESTER-001,OracleStrategy-000,MESM6.GLBX,GLBX-001,O-20260308-234402-001-000-264,O-20260308-234833-001-000-265,SELL,FLAT,0,1,1773013442170833199,2026-03-08 23:44:02.170833199+00:00,1773013713782705107,2026-03-08 23:48:33.782705107+00:00,271611871908,6679.0,6670.5,['0.00 USD'],0.00127,8.50 USD,True
BACKTESTER-001,OracleStrategy-000,MESM6.GLBX,GLBX-001,O-20260308-234833-001-000-266,O-20260308-235016-001-000-267,BUY,FLAT,0,1,1773013713782705107,2026-03-08 23:48:33.782705107+00:00,1773013816774879079,2026-03-08 23:50:16.774879079+00:00,102992173972,6670.5,6678.75,['0.00 USD'],0.00124,8.25 USD,True
BACKTESTER-001,OracleStrategy-000,MESM6.GLBX,GLBX-001,O-20260308-235016-001-000-268,O-20260308-235342-001-000-269,SELL,FLAT,0,1,1773013816774879079,2026-03-08 23:50:16.774879079+00:00,1773014022030540724,2026-03-08 23:53:42.030540724+00:00,205255661645,6678.75,6670.5,['0.00 USD'],0.00124,8.25 USD,True
BACKTESTER-001,OracleStrategy-000,MESM6.GLBX,GLBX-001,O-20260308-235342-001-000-270,O-20260308-235506-001-000-271,BUY,FLAT,0,1,1773014022030540724,2026-03-08 23:53:42.030540724+00:00,1773014106385286103,2026-03-08 23:55:06.385286103+00:00,84354745379,6670.5,6674.5,['0.00 USD'],0.0006,4.00 USD,True
BACKTESTER-001,OracleStrategy-000,MESM6.GLBX,GLBX-001,O-20260308-235506-001-000-272,O-20260308-235524-001-000-273,SELL,FLAT,0,1,1773014106385286103,2026-03-08 23:55:06.385286103+00:00,1773014124967225336,2026-03-08 23:55:24.967225336+00:00,18581939233,6674.5,6671.0,['0.00 USD'],0.00052,3.50 USD,True
BACKTESTER-001,OracleStrategy-000,MESM6.GLBX,GLBX-001,O-20260308-235524-001-000-274,O-20260308-235635-001-000-275,BUY,FLAT,0,1,1773014124967225336,2026-03-08 23:55:24.967225336+00:00,1773014195756376698,2026-03-08 23:56:35.756376698+00:00,70789151362,6671.0,6675.75,['0.00 USD'],0.00071,4.75 USD,True
BACKTESTER-001,OracleStrategy-000,MESM6.GLBX,GLBX-001,O-20260308-235635-001-000-276,O-20260308-235729-001-000-277,SELL,FLAT,0,1,1773014195756376698,2026-03-08 23:56:35.756376698+00:00,1773014249954377366,2026-03-08 23:57:29.954377366+00:00,54198000668,6675.75,6670.75,['0.00 USD'],0.00075,5.00 USD,True
BACKTESTER-001,OracleStrategy-000,MESM6.GLBX,GLBX-001,O-20260308-235729-001-000-278,O-20260308-235959-001-000-279,BUY,FLAT,0,1,1773014249954377366,2026-03-08 23:57:29.954377366+00:00,1773014399269426645,2026-03-08 23:59:59.269426645+00:00,149315049279,6670.75,6676.0,['0.00 USD'],0.00079,5.25 USD,False
