trader_id,strategy_id,instrument_id,venue_order_id,position_id,account_id,last_trade_id,type,side,quantity,time_in_force,is_reduce_only,is_quote_quantity,filled_qty,liquidity_side,avg_px,slippage,commissions,emulation_trigger,status,contingency_type,order_list_id,linked_order_ids,parent_order_id,exec_algorithm_id,exec_algorithm_params,exec_spawn_id,tags,init_id,ts_init,ts_last
BACKTESTER-001,OracleStrategy-000,MESM6.GLBX,GLBX-1-001,MESM6.GLBX-OracleStrategy-000,GLBX-001,GLBX-1-001,MARKET,SELL,1,GTC,False,False,1,TAKER,6677.75,0.0,['0.00 USD'],NO_TRIGGER,FILLED,NO_CONTINGENCY,,,,MY_GENERIC_ALGO,,O-20260309-000001-001-000-1,,e90c7a46-9485-4987-8183-a2c6d95237d5,2026-03-09 00:00:01.282957928+00:00,2026-03-09 00:00:01.282957928+00:00
BACKTESTER-001,OracleStrategy-000,MESM6.GLBX,GLBX-1-002,MESM6.GLBX-OracleStrategy-000,GLBX-001,GLBX-1-002,MARKET,BUY,1,GTC,True,False,1,TAKER,6678.0,0.0,['0.00 USD'],NO_TRIGGER,FILLED,NO_CONTINGENCY,,,,MY_GENERIC_ALGO,,O-20260309-000015-001-000-2,,6ff03f63-3fd7-4971-add2-4c660dfc6e90,2026-03-09 00:00:15.280431115+00:00,2026-03-09 00:00:15.280431115+00:00
BACKTESTER-001,OracleStrategy-000,MESM6.GLBX,GLBX-1-003,MESM6.GLBX-OracleStrategy-000,GLBX-001,GLBX-1-003,MARKET,BUY,1,GTC,False,False,1,TAKER,6678.0,0.0,['0.00 USD'],NO_TRIGGER,FILLED,NO_CONTINGENCY,,,,MY_GENERIC_ALGO,,O-20260309-000015-001-000-3,,281767fe-7680-458a-af1f-66dd73c84a70,2026-03-09 00:00:15.280431115+00:00,2026-03-09 00:00:15.280431115+00:00
BACKTESTER-001,OracleStrategy-000,MESM6.GLBX,GLBX-1-004,MESM6.GLBX-OracleStrategy-000,GLBX-001,GLBX-1-004,MARKET,SELL,1,GTC,True,False,1,TAKER,6678.75,0.0,['0.00 USD'],NO_TRIGGER,FILLED,NO_CONTINGENCY,,,,MY_GENERIC_ALGO,,O-20260309-000023-001-000-4,,ed176cb8-5df7-43bc-b707-a2ed177ee396,2026-03-09 00:00:23.440074335+00:00,2026-03-09 00:00:23.440074335+00:00
BACKTESTER-001,OracleStrategy-000,MESM6.GLBX,GLBX-1-005,MESM6.GLBX-OracleStrategy-000,GLBX-001,GLBX-1-005,MARKET,SELL,1,GTC,False,False,1,TAKER,6678.75,0.0,['0.00 USD'],NO_TRIGGER,FILLED,NO_CONTINGENCY,,,,MY_GENERIC_ALGO,,O-20260309-000023-001-000-5,,65263188-1139-4880-ad40-57d5a6fb17f0,2026-03-09 00:00:23.440074335+00:00,2026-03-09 00:00:23.440074335+00:00
BACKTESTER-001,OracleStrategy-000,MESM6.GLBX,GLBX-1-006,MESM6.GLBX-OracleStrategy-000,GLBX-001,GLBX-1-006,MARKET,BUY,1,GTC,True,False,1,TAKER,6677.0,0.0,['0.00 USD'],NO_TRIGGER,FILLED,NO_CONTINGENCY,,,,MY_GENERIC_ALGO,,O-20260309-000126-001-000-6,,b45d2f4a-ba40-46f3-ae64-812a21c6ebc7,2026-03-09 00:01:26.476917741+00:00,2026-03-09 00:01:26.476917741+00:00
BACKTESTER-001,OracleStrategy-000,MESM6.GLBX,GLBX-1-007,MESM6.GLBX-OracleStrategy-000,GLBX-001,GLBX-1-007,MARKET,BUY,1,GTC,False,False,1,TAKER,6677.0,0.0,['0.00 USD'],NO_TRIGGER,FILLED,NO_CONTINGENCY,,,,MY_GENERIC_ALGO,,O-20260309-000126-001-000-7,,460bca5d-ae40-4fd3-a491-12004daefd84,2026-03-09 00:01:26.476917741+00:00,2026-03-09 00:01:26.476917741+00:00
BACKTESTER-001,OracleStrategy-000,MESM6.GLBX,GLBX-1-008,MESM6.GLBX-OracleStrategy-000,GLBX-001,GLBX-1-008,MARKET,SELL,1,GTC,True,False,1,TAKER,6676.5,0.0,['0.00 USD'],NO_TRIGGER,FILLED,NO_CONTINGENCY,,,,MY_GENERIC_ALGO,,O-20260309-000128-001-000-8,,f8c32c64-e52d-438b-8164-59fc495ec689,2026-03-09 00:01:28.225630272+00:00,2026-03-09 00:01:28.225630272+00:00
BACKTESTER-001,OracleStrategy-000,MESM6.GLBX,GLBX-1-009,MESM6.GLBX-OracleStrategy-000,GLBX-001,GLBX-1-009,MARKET,SELL,1,GTC,False,False,1,TAKER,6676.5,0.0,['0.00 USD'],NO_TRIGGER,FILLED,NO_CONTINGENCY,,,,MY_GENERIC_ALGO,,O-20260309-000128-001-000-9,,930d9c8f-10db-4f09-b1e8-68b1913cab06,2026-03-09 00:01:28.225630272+00:00,2026-03-09 00:01:28.225630272+00:00
BACKTESTER-001,OracleStrategy-000,MESM6.GLBX,GLBX-1-010,MESM6.GLBX-OracleStrategy-000,GLBX-001,GLBX-1-010,MARKET,BUY,1,GTC,True,False,1,TAKER,6676.25,0.0,['0.00 USD'],NO_TRIGGER,FILLED,NO_CONTINGENCY,,,,MY_GENERIC_ALGO,,O-20260309-000141-001-000-10,,eac58454-f670-4295-86e8-aa211e0e86e9,2026-03-09 00:01:41.237044098+00:00,2026-03-09 00:01:41.237044098+00:00
BACKTESTER-001,OracleStrategy-000,MESM6.GLBX,GLBX-1-011,MESM6.GLBX-OracleStrategy-000,GLBX-001,GLBX-1-011,MARKET,BUY,1,GTC,False,False,1,TAKER,6676.25,0.0,['0.00 USD'],NO_TRIGGER,FILLED,NO_CONTINGENCY,,,,MY_GENERIC_ALGO,,O-20260309-000141-001-000-11,,bd65be63-cb8e-46f3-9a24-645188f12987,2026-03-09 00:01:41.237044098+00:00,2026-03-09 00:01:41.237044098+00:00
BACKTESTER-001,OracleStrategy-000,MESM6.GLBX,GLBX-1-012,MESM6.GLBX-OracleStrategy-000,GLBX-001,GLBX-1-012,MARKET,SELL,1,GTC,True,False,1,TAKER,6676.75,0.0,['0.00 USD'],NO_TRIGGER,FILLED,NO_CONTINGENCY,,,,MY_GENERIC_ALGO,,O-20260309-000227-001-000-12,,6854e78f-f4e5-454e-9b3a-d1731764e5fa,2026-03-09 00:02:27.540805323+00:00,2026-03-09 00:02:27.540805323+00:00
BACKTESTER-001,OracleStrategy-000,MESM6.GLBX,GLBX-1-013,MESM6.GLBX-OracleStrategy-000,GLBX-001,GLBX-1-013,MARKET,SELL,1,GTC,False,False,1,TAKER,6676.75,0.0,['0.00 USD'],NO_TRIGGER,FILLED,NO_CONTINGENCY,,,,MY_GENERIC_ALGO,,O-20260309-000227-001-000-13,,1908d0dd-57b1-444d-951b-242bfe2ff33b,2026-03-09 00:02:27.540805323+00:00,2026-03-09 00:02:27.540805323+00:00
BACKTESTER-001,OracleStrategy-000,MESM6.GLBX,GLBX-1-014,MESM6.GLBX-OracleStrategy-000,GLBX-001,GLBX-1-014,MARKET,BUY,1,GTC,True,False,1,TAKER,6677.0,0.0,['0.00 USD'],NO_TRIGGER,FILLED,NO_CONTINGENCY,,,,MY_GENERIC_ALGO,,O-20260309-000343-001-000-14,,b27fbaee-c5e9-4975-acd6-0170f2a55d0e,2026-03-09 00:03:43.224518320+00:00,2026-03-09 00:03:43.224518320+00:00
BACKTESTER-001,OracleStrategy-000,MESM6.GLBX,GLBX-1-015,MESM6.GLBX-OracleStrategy-000,GLBX-001,GLBX-1-015,MARKET,BUY,1,GTC,False,False,1,TAKER,6677.0,0.0,['0.00 USD'],NO_TRIGGER,FILLED,NO_CONTINGENCY,,,,MY_GENERIC_ALGO,,O-20260309-000343-001-000-15,,428a10a8-2b56-4b8f-97c0-ac2f6bfe1937,2026-03-09 00:03:43.224518320+00:00,2026-03-09 00:03:43.224518320+00:00
BACKTESTER-001,OracleStrategy-000,MESM6.GLBX,GLBX-1-016,MESM6.GLBX-OracleStrategy-000,GLBX-001,GLBX-1-016,MARKET,SELL,1,GTC,True,False,1,TAKER,6682.0,0.0,['0.00 USD'],NO_TRIGGER,FILLED,NO_CONTINGENCY,,,,MY_GENERIC_ALGO,,O-20260309-000503-001-000-16,,aaae9168-d768-4ebc-965c-cada12c88245,2026-03-09 00:05:03.746989403+00:00,2026-03-09 00:05:03.746989403+00:00
BACKTESTER-001,OracleStrategy-000,MESM6.GLBX,GLBX-1-017,MESM6.GLBX-OracleStrategy-000,GLBX-001,GLBX-1-017,MARKET,SELL,1,GTC,False,False,1,TAKER,6682.0,0.0,['0.00 USD'],NO_TRIGGER,FILLED,NO_CONTINGENCY,,,,MY_GENERIC_ALGO,,O-20260309-000503-001-000-17,,7274c91b-f7d9-4bd0-b4d9-0b8c41bfeae6,2026-03-09 00:05:03.746989403+00:00,2026-03-09 00:05:03.746989403+00:00
BACKTESTER-001,OracleStrategy-000,MESM6.GLBX,GLBX-1-018,MESM6.GLBX-OracleStrategy-000,GLBX-001,GLBX-1-018,MARKET,BUY,1,GTC,True,False,1,TAKER,6681.75,0.0,['0.00 USD'],NO_TRIGGER,FILLED,NO_CONTINGENCY,,,,MY_GENERIC_ALGO,,O-20260309-000505-001-000-18,,0035e4e7-6628-459c-98f5-5aba633249a2,2026-03-09 00:05:05.935969527+00:00,2026-03-09 00:05:05.935969527+00:00
BACKTESTER-001,OracleStrategy-000,MESM6.GLBX,GLBX-1-019,MESM6.GLBX-OracleStrategy-000,GLBX-001,GLBX-1-019,MARKET,BUY,1,GTC,False,False,1,TAKER,6681.75,0.0,['0.00 USD'],NO_TRIGGER,FILLED,NO_CONTINGENCY,,,,MY_GENERIC_ALGO,,O-20260309-000505-001-000-19,,0f3462b5-6a4c-452c-a06a-9aa7a78eafbd,2026-03-09 00:05:05.935969527+00:00,2026-03-09 00:05:05.935969527+00:00
BACKTESTER-001,OracleStrategy-000,MESM6.GLBX,GLBX-1-020,MESM6.GLBX-OracleStrategy-000,GLBX-001,GLBX-1-020,MARKET,SELL,1,GTC,True,False,1,TAKER,6686.0,0.0,['0.00 USD'],NO_TRIGGER,FILLED,NO_CONTINGENCY,,,,MY_GENERIC_ALGO,,O-20260309-000545-001-000-20,,c5f8ba2c-c271-463e-b547-557ecf272eec,2026-03-09 00:05:45.509657584+00:00,2026-03-09 00:05:45.509657584+00:00
BACKTESTER-001,OracleStrategy-000,MESM6.GLBX,GLBX-1-021,MESM6.GLBX-OracleStrategy-000,GLBX-001,GLBX-1-021,MARKET,SELL,1,GTC,False,False,1,TAKER,6686.0,0.0,['0.00 USD'],NO_TRIGGER,FILLED,NO_CONTINGENCY,,,,MY_GENERIC_ALGO,,O-20260309-000545-001-000-21,,4874b8dc-e072-4817-82d0-721c633cf4e8,2026-03-09 00:05:45.509657584+00:00,2026-03-09 00:05:45.509657584+00:00
BACKTESTER-001,OracleStrategy-000,MESM6.GLBX,GLBX-1-022,MESM6.GLBX-OracleStrategy-000,GLBX-001,GLBX-1-022,MARKET,BUY,1,GTC,True,False,1,TAKER,6685.0,0.0,['0.00 USD'],NO_TRIGGER,FILLED,NO_CONTINGENCY,,,,MY_GENERIC_ALGO,,O-20260309-000546-001-000-22,,a6f0a7d6-c5a5-4644-83a2-51b67ce04c1a,2026-03-09 00:05:46.573621017+00:00,2026-03-09 00:05:46.573621017+00:00
BACKTESTER-001,OracleStrategy-000,MESM6.GLBX,GLBX-1-023,MESM6.GLBX-OracleStrategy-000,GLBX-001,GLBX-1-023,MARKET,BUY,1,GTC,False,False,1,TAKER,6685.0,0.0,['0.00 USD'],NO_TRIGGER,FILLED,NO_CONTINGENCY,,,,MY_GENERIC_ALGO,,O-20260309-000546-001-000-23,,a0d0f704-6eab-4de5-b139-eb304a98eb85,2026-03-09 00:05:46.573621017+00:00,2026-03-09 00:05:46.573621017+00:00
BACKTESTER-001,OracleStrategy-000,MESM6.GLBX,GLBX-1-024,MESM6.GLBX-OracleStrategy-000,GLBX-001,GLBX-1-024,MARKET,SELL,1,GTC,True,False,1,TAKER,6686.25,0.0,['0.00 USD'],NO_TRIGGER,FILLED,NO_CONTINGENCY,,,,MY_GENERIC_ALGO,,O-20260309-000601-001-000-24,,bb455976-e203-4b75-a623-0b3e33d6aec4,2026-03-09 00:06:01.445235672+00:00,2026-03-09 00:06:01.445235672+00:00
BACKTESTER-001,OracleStrategy-000,MESM6.GLBX,GLBX-1-025,MESM6.GLBX-OracleStrategy-000,GLBX-001,GLBX-1-025,MARKET,SELL,1,GTC,False,False,1,TAKER,6686.25,0.0,['0.00 USD'],NO_TRIGGER,FILLED,NO_CONTINGENCY,,,,MY_GENERIC_ALGO,,O-20260309-000601-001-000-25,,4b60974a-990f-4d09-ac58-abb80bdb7d55,2026-03-09 00:06:01.445235672+00:00,2026-03-09 00:06:01.445235672+00:00
BACKTESTER-001,OracleStrategy-000,MESM6.GLBX,GLBX-1-026,MESM6.GLBX-OracleStrategy-000,GLBX-001,GLBX-1-026,MARKET,BUY,1,GTC,True,False,1,TAKER,6683.0,0.0,['0.00 USD'],NO_TRIGGER,FILLED,NO_CONTINGENCY,,,,MY_GENERIC_ALGO,,O-20260309-000638-001-000-26,,486d78ae-ed79-4eb2-b52e-d8845ba5c03b,2026-03-09 00:06:38.060991506+00:00,2026-03-09 00:06:38.060991506+00:00
BACKTESTER-001,OracleStrategy-000,MESM6.GLBX,GLBX-1-027,MESM6.GLBX-OracleStrategy-000,GLBX-001,GLBX-1-027,MARKET,BUY,1,GTC,False,False,1,TAKER,6683.0,0.0,['0.00 USD'],NO_TRIGGER,FILLED,NO_CONTINGENCY,,,,MY_GENERIC_ALGO,,O-20260309-000638-001-000-27,,f0ccdf04-2502-4902-bfff-a231cf1407fe,2026-03-09 00:06:38.060991506+00:00,2026-03-09 00:06:38.060991506+00:00
BACKTESTER-001,OracleStrategy-000,MESM6.GLBX,GLBX-1-028,MESM6.GLBX-OracleStrategy-000,GLBX-001,GLBX-1-028,MARKET,SELL,1,GTC,True,False,1,TAKER,6680.75,0.0,['0.00 USD'],NO_TRIGGER,FILLED,NO_CONTINGENCY,,,,MY_GENERIC_ALGO,,O-20260309-000735-001-000-28,,8910ac25-758e-4853-90b8-6e166560ff0d,2026-03-09 00:07:35.004768101+00:00,2026-03-09 00:07:35.004768101+00:00
BACKTESTER-001,OracleStrategy-000,MESM6.GLBX,GLBX-1-029,MESM6.GLBX-OracleStrategy-000,GLBX-001,GLBX-1-029,MARKET,SELL,1,GTC,False,False,1,TAKER,6680.75,0.0,['0.00 USD'],NO_TRIGGER,FILLED,NO_CONTINGENCY,,,,MY_GENERIC_ALGO,,O-20260309-000735-001-000-29,,258570ad-25bd-4aef-b5c6-162ac7d77c91,2026-03-09 00:07:35.004768101+00:00,2026-03-09 00:07:35.004768101+00:00
BACKTESTER-001,OracleStrategy-000,MESM6.GLBX,GLBX-1-030,MESM6.GLBX-OracleStrategy-000,GLBX-001,GLBX-1-030,MARKET,BUY,1,GTC,True,False,1,TAKER,6680.75,0.0,['0.00 USD'],NO_TRIGGER,FILLED,NO_CONTINGENCY,,,,MY_GENERIC_ALGO,,O-20260309-000748-001-000-30,,36968706-b826-45e2-a55c-a932b8669cca,2026-03-09 00:07:48.567153890+00:00,2026-03-09 00:07:48.567153890+00:00
BACKTESTER-001,OracleStrategy-000,MESM6.GLBX,GLBX-1-031,MESM6.GLBX-OracleStrategy-000,GLBX-001,GLBX-1-031,MARKET,BUY,1,GTC,False,False,1,TAKER,6680.75,0.0,['0.00 USD'],NO_TRIGGER,FILLED,NO_CONTINGENCY,,,,MY_GENERIC_ALGO,,O-20260309-000748-001-000-31,,e7544ed3-2ea5-4fc2-b1c8-12d18bb1b585,2026-03-09 00:07:48.567153890+00:00,2026-03-09 00:07:48.567153890+00:00
BACKTESTER-001,OracleStrategy-000,MESM6.GLBX,GLBX-1-032,MESM6.GLBX-OracleStrategy-000,GLBX-001,GLBX-1-032,MARKET,SELL,1,GTC,True,False,1,TAKER,6680.5,0.0,['0.00 USD'],NO_TRIGGER,FILLED,NO_CONTINGENCY,,,,MY_GENERIC_ALGO,,O-20260309-000759-001-000-32,,e52326b1-b01b-4fb9-a12c-a462117c7423,2026-03-09 00:07:59.865203922+00:00,2026-03-09 00:07:59.865203922+00:00
BACKTESTER-001,OracleStrategy-000,MESM6.GLBX,GLBX-1-033,MESM6.GLBX-OracleStrategy-000,GLBX-001,GLBX-1-033,MARKET,SELL,1,GTC,False,False,1,TAKER,6680.5,0.0,['0.00 USD'],NO_TRIGGER,FILLED,NO_CONTINGENCY,,,,MY_GENERIC_ALGO,,O-20260309-000759-001-000-33,,77247ab4-9a84-460a-a770-a767b7df77e9,2026-03-09 00:07:59.865203922+00:00,2026-03-09 00:07:59.865203922+00:00
BACKTESTER-001,OracleStrategy-000,MESM6.GLBX,GLBX-1-034,MESM6.GLBX-OracleStrategy-000,GLBX-001,GLBX-1-034,MARKET,BUY,1,GTC,True,False,1,TAKER,6681.5,0.0,['0.00 USD'],NO_TRIGGER,FILLED,NO_CONTINGENCY,,,,MY_GENERIC_ALGO,,O-20260309-000801-001-000-34,,9da4f056-8892-4ff0-9a2b-af6d07d961d9,2026-03-09 00:08:01.578349016+00:00,2026-03-09 00:08:01.578349016+00:00
BACKTESTER-001,OracleStrategy-000,MESM6.GLBX,GLBX-1-035,MESM6.GLBX-OracleStrategy-000,GLBX-001,GLBX-1-035,MARKET,BUY,1,GTC,False,False,1,TAKER,6681.5,0.0,['0.00 USD'],NO_TRIGGER,FILLED,NO_CONTINGENCY,,,,MY_GENERIC_ALGO,,O-20260309-000801-001-000-35,,096e77e6-1a97-4fa2-9b3b-e8ae4a402fe8,2026-03-09 00:08:01.578349016+00:00,2026-03-09 00:08:01.578349016+00:00
BACKTESTER-001,OracleStrategy-000,MESM6.GLBX,GLBX-1-036,MESM6.GLBX-OracleStrategy-000,GLBX-001,GLBX-1-036,MARKET,SELL,1,GTC,True,False,1,TAKER,6682.5,0.0,['0.00 USD'],NO_TRIGGER,FILLED,NO_CONTINGENCY,,,,MY_GENERIC_ALGO,,O-20260309-000940-001-000-36,,188c8826-3648-4cb2-8a93-dd8864cd8e30,2026-03-09 00:09:40.183983763+00:00,2026-03-09 00:09:40.183983763+00:00
BACKTESTER-001,OracleStrategy-000,MESM6.GLBX,GLBX-1-037,MESM6.GLBX-OracleStrategy-000,GLBX-001,GLBX-1-037,MARKET,SELL,1,GTC,False,False,1,TAKER,6682.5,0.0,['0.00 USD'],NO_TRIGGER,FILLED,NO_CONTINGENCY,,,,MY_GENERIC_ALGO,,O-20260309-000940-001-000-37,,25219a6b-03ca-44ad-88d7-c78369348cd6,2026-03-09 00:09:40.183983763+00:00,2026-03-09 00:09:40.183983763+00:00
BACKTESTER-001,OracleStrategy-000,MESM6.GLBX,GLBX-1-038,MESM6.GLBX-OracleStrategy-000,GLBX-001,GLBX-1-038,MARKET,BUY,1,GTC,True,False,1,TAKER,6685.0,0.0,['0.00 USD'],NO_TRIGGER,FILLED,NO_CONTINGENCY,,,,MY_GENERIC_ALGO,,O-20260309-001023-001-000-38,,84fca667-16c5-48b5-9895-416ea28713d1,2026-03-09 00:10:23.658696882+00:00,2026-03-09 00:10:23.658696882+00:00
BACKTESTER-001,OracleStrategy-000,MESM6.GLBX,GLBX-1-039,MESM6.GLBX-OracleStrategy-000,GLBX-001,GLBX-1-039,MARKET,BUY,1,GTC,False,False,1,TAKER,6685.0,0.0,['0.00 USD'],NO_TRIGGER,FILLED,NO_CONTINGENCY,,,,MY_GENERIC_ALGO,,O-20260309-001023-001-000-39,,e4c96701-ca9f-4dec-9274-f01aaebf5212,2026-03-09 00:10:23.658696882+00:00,2026-03-09 00:10:23.658696882+00:00
BACKTESTER-001,OracleStrategy-000,MESM6.GLBX,GLBX-1-040,MESM6.GLBX-OracleStrategy-000,GLBX-001,GLBX-1-040,MARKET,SELL,1,GTC,True,False,1,TAKER,6687.0,0.0,['0.00 USD'],NO_TRIGGER,FILLED,NO_CONTINGENCY,,,,MY_GENERIC_ALGO,,O-20260309-001101-001-000-40,,6609a56a-848d-449f-90b3-257879cf6a8d,2026-03-09 00:11:01.349504690+00:00,2026-03-09 00:11:01.349504690+00:00
BACKTESTER-001,OracleStrategy-000,MESM6.GLBX,GLBX-1-041,MESM6.GLBX-OracleStrategy-000,GLBX-001,GLBX-1-041,MARKET,SELL,1,GTC,False,False,1,TAKER,6687.0,0.0,['0.00 USD'],NO_TRIGGER,FILLED,NO_CONTINGENCY,,,,MY_GENERIC_ALGO,,O-20260309-001101-001-000-41,,94935e92-f1e5-44ed-9e5c-f92938067afe,2026-03-09 00:11:01.349504690+00:00,2026-03-09 00:11:01.349504690+00:00
BACKTESTER-001,OracleStrategy-000,MESM6.GLBX,GLBX-1-042,MESM6.GLBX-OracleStrategy-000,GLBX-001,GLBX-1-042,MARKET,BUY,1,GTC,True,False,1,TAKER,6684.25,0.0,['0.00 USD'],NO_TRIGGER,FILLED,NO_CONTINGENCY,,,,MY_GENERIC_ALGO,,O-20260309-001151-001-000-42,,7285276c-4cd2-445f-a8da-1b3126c9a165,2026-03-09 00:11:51.945340235+00:00,2026-03-09 00:11:51.945340235+00:00
BACKTESTER-001,OracleStrategy-000,MESM6.GLBX,GLBX-1-043,MESM6.GLBX-OracleStrategy-000,GLBX-001,GLBX-1-043,MARKET,BUY,1,GTC,False,False,1,TAKER,6684.25,0.0,['0.00 USD'],NO_TRIGGER,FILLED,NO_CONTINGENCY,,,,MY_GENERIC_ALGO,,O-20260309-001151-001-000-43,,ab5bf0d5-5c05-4736-b2bf-70f96feac432,2026-03-09 00:11:51.945340235+00:00,2026-03-09 00:11:51.945340235+00:00
BACKTESTER-001,OracleStrategy-000,MESM6.GLBX,GLBX-1-044,MESM6.GLBX-OracleStrategy-000,GLBX-001,GLBX-1-044,MARKET,SELL,1,GTC,True,False,1,TAKER,6682.5,0.0,['0.00 USD'],NO_TRIGGER,FILLED,NO_CONTINGENCY,,,,MY_GENERIC_ALGO,,O-20260309-001212-001-000-44,,c1914015-9b44-4481-add5-3790a8cb6789,2026-03-09 00:12:12.090070414+00:00,2026-03-09 00:12:12.090070414+00:00
BACKTESTER-001,OracleStrategy-000,MESM6.GLBX,GLBX-1-045,MESM6.GLBX-OracleStrategy-000,GLBX-001,GLBX-1-045,MARKET,SELL,1,GTC,False,False,1,TAKER,6682.5,0.0,['0.00 USD'],NO_TRIGGER,FILLED,NO_CONTINGENCY,,,,MY_GENERIC_ALGO,,O-20260309-001212-001-000-45,,8c71de6a-2d52-499f-b48f-bd3e646af3ff,2026-03-09 00:12:12.090070414+00:00,2026-03-09 00:12:12.090070414+00:00
BACKTESTER-001,OracleStrategy-000,MESM6.GLBX,GLBX-1-046,MESM6.GLBX-OracleStrategy-000,GLBX-001,GLBX-1-046,MARKET,BUY,1,GTC,True,False,1,TAKER,6681.5,0.0,['0.00 USD'],NO_TRIGGER,FILLED,NO_CONTINGENCY,,,,MY_GENERIC_ALGO,,O-20260309-001252-001-000-46,,50c589a4-51e1-42b1-8c56-1f4d49956f41,2026-03-09 00:12:52.335970530+00:00,2026-03-09 00:12:52.335970530+00:00
BACKTESTER-001,OracleStrategy-000,MESM6.GLBX,GLBX-1-047,MESM6.GLBX-OracleStrategy-000,GLBX-001,GLBX-1-047,MARKET,BUY,1,GTC,False,False,1,TAKER,6681.5,0.0,['0.00 USD'],NO_TRIGGER,FILLED,NO_CONTINGENCY,,,,MY_GENERIC_ALGO,,O-20260309-001252-001-000-47,,872761d9-d67e-4398-b9ba-18911e86ed90,2026-03-09 00:12:52.335970530+00:00,2026-03-09 00:12:52.335970530+00:00
BACKTESTER-001,OracleStrategy-000,MESM6.GLBX,GLBX-1-048,MESM6.GLBX-OracleStrategy-000,GLBX-001,GLBX-1-048,MARKET,SELL,1,GTC,True,False,1,TAKER,6681.5,0.0,['0.00 USD'],NO_TRIGGER,FILLED,NO_CONTINGENCY,,,,MY_GENERIC_ALGO,,O-20260309-001254-001-000-48,,43e54009-4f9b-41f2-a15c-9cc37f0e3c56,2026-03-09 00:12:54.722121426+00:00,2026-03-09 00:12:54.722121426+00:00
BACKTESTER-001,OracleStrategy-000,MESM6.GLBX,GLBX-1-049,MESM6.GLBX-OracleStrategy-000,GLBX-001,GLBX-1-049,MARKET,SELL,1,GTC,False,False,1,TAKER,6681.5,0.0,['0.00 USD'],NO_TRIGGER,FILLED,NO_CONTINGENCY,,,,MY_GENERIC_ALGO,,O-20260309-001254-001-000-49,,ea11ae38-db50-40a4-88b0-40f66483079c,2026-03-09 00:12:54.722121426+00:00,2026-03-09 00:12:54.722121426+00:00
BACKTESTER-001,OracleStrategy-000,MESM6.GLBX,GLBX-1-050,MESM6.GLBX-OracleStrategy-000,GLBX-001,GLBX-1-050,MARKET,BUY,1,GTC,True,False,1,TAKER,6679.25,0.0,['0.00 USD'],NO_TRIGGER,FILLED,NO_CONTINGENCY,,,,MY_GENERIC_ALGO,,O-20260309-001326-001-000-50,,03262c36-9418-4d60-a4af-fa8b5010335e,2026-03-09 00:13:26.294654201+00:00,2026-03-09 00:13:26.294654201+00:00
BACKTESTER-001,OracleStrategy-000,MESM6.GLBX,GLBX-1-051,MESM6.GLBX-OracleStrategy-000,GLBX-001,GLBX-1-051,MARKET,BUY,1,GTC,False,False,1,TAKER,6679.25,0.0,['0.00 USD'],NO_TRIGGER,FILLED,NO_CONTINGENCY,,,,MY_GENERIC_ALGO,,O-20260309-001326-001-000-51,,f79e8a8d-6a89-4b6e-8ca9-c202e0291fed,2026-03-09 00:13:26.294654201+00:00,2026-03-09 00:13:26.294654201+00:00
BACKTESTER-001,OracleStrategy-000,MESM6.GLBX,GLBX-1-052,MESM6.GLBX-OracleStrategy-000,GLBX-001,GLBX-1-052,MARKET,SELL,1,GTC,True,False,1,TAKER,6680.0,0.0,['0.00 USD'],NO_TRIGGER,FILLED,NO_CONTINGENCY,,,,MY_GENERIC_ALGO,,O-20260309-001342-001-000-52,,466b0da8-c576-4de1-9568-3fde6dba1276,2026-03-09 00:13:42.428556056+00:00,2026-03-09 00:13:42.428556056+00:00
BACKTESTER-001,OracleStrategy-000,MESM6.GLBX,GLBX-1-053,MESM6.GLBX-OracleStrategy-000,GLBX-001,GLBX-1-053,MARKET,SELL,1,GTC,False,False,1,TAKER,6680.0,0.0,['0.00 USD'],NO_TRIGGER,FILLED,NO_CONTINGENCY,,,,MY_GENERIC_ALGO,,O-20260309-001342-001-000-53,,b66c7922-50e4-4dea-b677-2d48dcd6c9b1,2026-03-09 00:13:42.428556056+00:00,2026-03-09 00:13:42.428556056+00:00
BACKTESTER-001,OracleStrategy-000,MESM6.GLBX,GLBX-1-054,MESM6.GLBX-OracleStrategy-000,GLBX-001,GLBX-1-054,MARKET,BUY,1,GTC,True,False,1,TAKER,6679.0,0.0,['0.00 USD'],NO_TRIGGER,FILLED,NO_CONTINGENCY,,,,MY_GENERIC_ALGO,,O-20260309-001344-001-000-54,,18ab049b-29fc-424e-afab-14caa36f1cc0,2026-03-09 00:13:44.216024458+00:00,2026-03-09 00:13:44.216024458+00:00
BACKTESTER-001,OracleStrategy-000,MESM6.GLBX,GLBX-1-055,MESM6.GLBX-OracleStrategy-000,GLBX-001,GLBX-1-055,MARKET,BUY,1,GTC,False,False,1,TAKER,6679.0,0.0,['0.00 USD'],NO_TRIGGER,FILLED,NO_CONTINGENCY,,,,MY_GENERIC_ALGO,,O-20260309-001344-001-000-55,,91fe0475-10c2-4835-88c0-f8a36532ee8e,2026-03-09 00:13:44.216024458+00:00,2026-03-09 00:13:44.216024458+00:00
BACKTESTER-001,OracleStrategy-000,MESM6.GLBX,GLBX-1-056,MESM6.GLBX-OracleStrategy-000,GLBX-001,GLBX-1-056,MARKET,SELL,1,GTC,True,False,1,TAKER,6681.5,0.0,['0.00 USD'],NO_TRIGGER,FILLED,NO_CONTINGENCY,,,,MY_GENERIC_ALGO,,O-20260309-001502-001-000-56,,eabbe096-1772-41c7-9d3c-1fa1d9b972ee,2026-03-09 00:15:02.091134808+00:00,2026-03-09 00:15:02.091134808+00:00
BACKTESTER-001,OracleStrategy-000,MESM6.GLBX,GLBX-1-057,MESM6.GLBX-OracleStrategy-000,GLBX-001,GLBX-1-057,MARKET,SELL,1,GTC,False,False,1,TAKER,6681.5,0.0,['0.00 USD'],NO_TRIGGER,FILLED,NO_CONTINGENCY,,,,MY_GENERIC_ALGO,,O-20260309-001502-001-000-57,,fff142b6-ba71-4bb8-9a44-7636d4965bb0,2026-03-09 00:15:02.091134808+00:00,2026-03-09 00:15:02.091134808+00:00
BACKTESTER-001,OracleStrategy-000,MESM6.GLBX,GLBX-1-058,MESM6.GLBX-OracleStrategy-000,GLBX-001,GLBX-1-058,MARKET,BUY,1,GTC,True,False,1,TAKER,6679.0,0.0,['0.00 USD'],NO_TRIGGER,FILLED,NO_CONTINGENCY,,,,MY_GENERIC_ALGO,,O-20260309-001640-001-000-58,,371cf8ae-3895-448d-aac8-3d122d27e8a6,2026-03-09 00:16:40.042742315+00:00,2026-03-09 00:16:40.042742315+00:00
BACKTESTER-001,OracleStrategy-000,MESM6.GLBX,GLBX-1-059,MESM6.GLBX-OracleStrategy-000,GLBX-001,GLBX-1-059,MARKET,BUY,1,GTC,False,False,1,TAKER,6679.0,0.0,['0.00 USD'],NO_TRIGGER,FILLED,NO_CONTINGENCY,,,,MY_GENERIC_ALGO,,O-20260309-001640-001-000-59,,0631905b-f327-41c3-a00e-5f47b77ca8ae,2026-03-09 00:16:40.042742315+00:00,2026-03-09 00:16:40.042742315+00:00
BACKTESTER-001,OracleStrategy-000,MESM6.GLBX,GLBX-1-060,MESM6.GLBX-OracleStrategy-000,GLBX-001,GLBX-1-060,MARKET,SELL,1,GTC,True,False,1,TAKER,6679.5,0.0,['0.00 USD'],NO_TRIGGER,FILLED,NO_CONTINGENCY,,,,MY_GENERIC_ALGO,,O-20260309-001651-001-000-60,,27508128-7ee9-4161-8697-58477cc9523b,2026-03-09 00:16:51.713475438+00:00,2026-03-09 00:16:51.713475438+00:00
BACKTESTER-001,OracleStrategy-000,MESM6.GLBX,GLBX-1-061,MESM6.GLBX-OracleStrategy-000,GLBX-001,GLBX-1-061,MARKET,SELL,1,GTC,False,False,1,TAKER,6679.5,0.0,['0.00 USD'],NO_TRIGGER,FILLED,NO_CONTINGENCY,,,,MY_GENERIC_ALGO,,O-20260309-001651-001-000-61,,6a6dbfa4-b536-4b41-93be-c6a35c566608,2026-03-09 00:16:51.713475438+00:00,2026-03-09 00:16:51.713475438+00:00
BACKTESTER-001,OracleStrategy-000,MESM6.GLBX,GLBX-1-062,MESM6.GLBX-OracleStrategy-000,GLBX-001,GLBX-1-062,MARKET,BUY,1,GTC,True,False,1,TAKER,6671.75,0.0,['0.00 USD'],NO_TRIGGER,FILLED,NO_CONTINGENCY,,,,MY_GENERIC_ALGO,,O-20260309-002002-001-000-62,,08fe5652-8476-411f-90fc-b6767f3d222d,2026-03-09 00:20:02.961885690+00:00,2026-03-09 00:20:02.961885690+00:00
BACKTESTER-001,OracleStrategy-000,MESM6.GLBX,GLBX-1-063,MESM6.GLBX-OracleStrategy-000,GLBX-001,GLBX-1-063,MARKET,BUY,1,GTC,False,False,1,TAKER,6671.75,0.0,['0.00 USD'],NO_TRIGGER,FILLED,NO_CONTINGENCY,,,,MY_GENERIC_ALGO,,O-20260309-002002-001-000-63,,fd38fb75-0fbf-4dd0-b8be-62331d5bab17,2026-03-09 00:20:02.961885690+00:00,2026-03-09 00:20:02.961885690+00:00
BACKTESTER-001,OracleStrategy-000,MESM6.GLBX,GLBX-1-064,MESM6.GLBX-OracleStrategy-000,GLBX-001,GLBX-1-064,MARKET,SELL,1,GTC,True,False,1,TAKER,6672.5,0.0,['0.00 USD'],NO_TRIGGER,FILLED,NO_CONTINGENCY,,,,MY_GENERIC_ALGO,,O-20260309-002159-001-000-64,,68d0eeca-cd06-4251-bcdf-f6b388c5204f,2026-03-09 00:21:59.645900231+00:00,2026-03-09 00:21:59.645900231+00:00
BACKTESTER-001,OracleStrategy-000,MESM6.GLBX,GLBX-1-065,MESM6.GLBX-OracleStrategy-000,GLBX-001,GLBX-1-065,MARKET,SELL,1,GTC,False,False,1,TAKER,6672.5,0.0,['0.00 USD'],NO_TRIGGER,FILLED,NO_CONTINGENCY,,,,MY_GENERIC_ALGO,,O-20260309-002159-001-000-65,,40112c46-e65d-4607-8ba4-286f256f327e,2026-03-09 00:21:59.645900231+00:00,2026-03-09 00:21:59.645900231+00:00
BACKTESTER-001,OracleStrategy-000,MESM6.GLBX,GLBX-1-066,MESM6.GLBX-OracleStrategy-000,GLBX-001,GLBX-1-066,MARKET,BUY,1,GTC,True,False,1,TAKER,6671.0,0.0,['0.00 USD'],NO_TRIGGER,FILLED,NO_CONTINGENCY,,,,MY_GENERIC_ALGO,,O-20260309-002205-001-000-66,,eac110bf-3925-4adc-af1d-607408160569,2026-03-09 00:22:05.915556120+00:00,2026-03-09 00:22:05.915556120+00:00
BACKTESTER-001,OracleStrategy-000,MESM6.GLBX,GLBX-1-067,MESM6.GLBX-OracleStrategy-000,GLBX-001,GLBX-1-067,MARKET,BUY,1,GTC,False,False,1,TAKER,6671.0,0.0,['0.00 USD'],NO_TRIGGER,FILLED,NO_CONTINGENCY,,,,MY_GENERIC_ALGO,,O-20260309-002205-001-000-67,,1c534d11-d413-4446-96e1-ad7d5cc7497a,2026-03-09 00:22:05.915556120+00:00,2026-03-09 00:22:05.915556120+00:00
BACKTESTER-001,OracleStrategy-000,MESM6.GLBX,GLBX-1-068,MESM6.GLBX-OracleStrategy-000,GLBX-001,GLBX-1-068,MARKET,SELL,1,GTC,True,False,1,TAKER,6672.25,0.0,['0.00 USD'],NO_TRIGGER,FILLED,NO_CONTINGENCY,,,,MY_GENERIC_ALGO,,O-20260309-002252-001-000-68,,00259f76-f0eb-4b8a-9e7e-887f4817581b,2026-03-09 00:22:52.309826722+00:00,2026-03-09 00:22:52.309826722+00:00
BACKTESTER-001,OracleStrategy-000,MESM6.GLBX,GLBX-1-069,MESM6.GLBX-OracleStrategy-000,GLBX-001,GLBX-1-069,MARKET,SELL,1,GTC,False,False,1,TAKER,6672.25,0.0,['0.00 USD'],NO_TRIGGER,FILLED,NO_CONTINGENCY,,,,MY_GENERIC_ALGO,,O-20260309-002252-001-000-69,,ff27d818-4a54-42eb-8b37-f369c00b107b,2026-03-09 00:22:52.309826722+00:00,2026-03-09 00:22:52.309826722+00:00
BACKTESTER-001,OracleStrategy-000,MESM6.GLBX,GLBX-1-070,MESM6.GLBX-OracleStrategy-000,GLBX-001,GLBX-1-070,MARKET,BUY,1,GTC,True,False,1,TAKER,6671.0,0.0,['0.00 USD'],NO_TRIGGER,FILLED,NO_CONTINGENCY,,,,MY_GENERIC_ALGO,,O-20260309-002259-001-000-70,,7f713b7e-1932-40c4-bb27-a73ba80264de,2026-03-09 00:22:59.663240723+00:00,2026-03-09 00:22:59.663240723+00:00
BACKTESTER-001,OracleStrategy-000,MESM6.GLBX,GLBX-1-071,MESM6.GLBX-OracleStrategy-000,GLBX-001,GLBX-1-071,MARKET,BUY,1,GTC,False,False,1,TAKER,6671.0,0.0,['0.00 USD'],NO_TRIGGER,FILLED,NO_CONTINGENCY,,,,MY_GENERIC_ALGO,,O-20260309-002259-001-000-71,,204fccdf-0807-47aa-bd6d-4605642ad0eb,2026-03-09 00:22:59.663240723+00:00,2026-03-09 00:22:59.663240723+00:00
BACKTESTER-001,OracleStrategy-000,MESM6.GLBX,GLBX-1-072,MESM6.GLBX-OracleStrategy-000,GLBX-001,GLBX-1-072,MARKET,SELL,1,GTC,True,False,1,TAKER,6670.0,0.0,['0.00 USD'],NO_TRIGGER,FILLED,NO_CONTINGENCY,,,,MY_GENERIC_ALGO,,O-20260309-002303-001-000-72,,338648b2-2a94-4637-aaa2-d56376ff6fec,2026-03-09 00:23:03.034682314+00:00,2026-03-09 00:23:03.034682314+00:00
BACKTESTER-001,OracleStrategy-000,MESM6.GLBX,GLBX-1-073,MESM6.GLBX-OracleStrategy-000,GLBX-001,GLBX-1-073,MARKET,SELL,1,GTC,False,False,1,TAKER,6670.0,0.0,['0.00 USD'],NO_TRIGGER,FILLED,NO_CONTINGENCY,,,,MY_GENERIC_ALGO,,O-20260309-002303-001-000-73,,cc11ba71-0c6e-43e6-b88c-3ee8ee93d4be,2026-03-09 00:23:03.034682314+00:00,2026-03-09 00:23:03.034682314+00:00
BACKTESTER-001,OracleStrategy-000,MESM6.GLBX,GLBX-1-074,MESM6.GLBX-OracleStrategy-000,GLBX-001,GLBX-1-074,MARKET,BUY,1,GTC,True,False,1,TAKER,6670.0,0.0,['0.00 USD'],NO_TRIGGER,FILLED,NO_CONTINGENCY,,,,MY_GENERIC_ALGO,,O-20260309-002309-001-000-74,,db1112a6-15ba-42f0-86f1-17700f893750,2026-03-09 00:23:09.775425495+00:00,2026-03-09 00:23:09.775425495+00:00
BACKTESTER-001,OracleStrategy-000,MESM6.GLBX,GLBX-1-075,MESM6.GLBX-OracleStrategy-000,GLBX-001,GLBX-1-075,MARKET,BUY,1,GTC,False,False,1,TAKER,6670.0,0.0,['0.00 USD'],NO_TRIGGER,FILLED,NO_CONTINGENCY,,,,MY_GENERIC_ALGO,,O-20260309-002309-001-000-75,,c5d37ce2-1995-49ae-b8e0-fbcf5c786a7d,2026-03-09 00:23:09.775425495+00:00,2026-03-09 00:23:09.775425495+00:00
BACKTESTER-001,OracleStrategy-000,MESM6.GLBX,GLBX-1-076,MESM6.GLBX-OracleStrategy-000,GLBX-001,GLBX-1-076,MARKET,SELL,1,GTC,True,False,1,TAKER,6669.5,0.0,['0.00 USD'],NO_TRIGGER,FILLED,NO_CONTINGENCY,,,,MY_GENERIC_ALGO,,O-20260309-002325-001-000-76,,7309b61b-05e2-4d68-8565-490d38c064aa,2026-03-09 00:23:25.991839119+00:00,2026-03-09 00:23:25.991839119+00:00
BACKTESTER-001,OracleStrategy-000,MESM6.GLBX,GLBX-1-077,MESM6.GLBX-OracleStrategy-000,GLBX-001,GLBX-1-077,MARKET,SELL,1,GTC,False,False,1,TAKER,6669.5,0.0,['0.00 USD'],NO_TRIGGER,FILLED,NO_CONTINGENCY,,,,MY_GENERIC_ALGO,,O-20260309-002325-001-000-77,,48cec2a5-d212-4cf8-b923-94ef8018b1dc,2026-03-09 00:23:25.991839119+00:00,2026-03-09 00:23:25.991839119+00:00
BACKTESTER-001,OracleStrategy-000,MESM6.GLBX,GLBX-1-078,MESM6.GLBX-OracleStrategy-000,GLBX-001,GLBX-1-078,MARKET,BUY,1,GTC,True,False,1,TAKER,6669.5,0.0,['0.00 USD'],NO_TRIGGER,FILLED,NO_CONTINGENCY,,,,MY_GENERIC_ALGO,,O-20260309-002345-001-000-78,,a63d9ce9-0a29-4027-b379-89cca1b0d1a1,2026-03-09 00:23:45.464987408+00:00,2026-03-09 00:23:45.464987408+00:00
BACKTESTER-001,OracleStrategy-000,MESM6.GLBX,GLBX-1-079,MESM6.GLBX-OracleStrategy-000,GLBX-001,GLBX-1-079,MARKET,BUY,1,GTC,False,False,1,TAKER,6669.5,0.0,['0.00 USD'],NO_TRIGGER,FILLED,NO_CONTINGENCY,,,,MY_GENERIC_ALGO,,O-20260309-002345-001-000-79,,bba7480b-7270-4f8c-b8a4-76864885f161,2026-03-09 00:23:45.464987408+00:00,2026-03-09 00:23:45.464987408+00:00
BACKTESTER-001,OracleStrategy-000,MESM6.GLBX,GLBX-1-080,MESM6.GLBX-OracleStrategy-000,GLBX-001,GLBX-1-080,MARKET,SELL,1,GTC,True,False,1,TAKER,6668.0,0.0,['0.00 USD'],NO_TRIGGER,FILLED,NO_CONTINGENCY,,,,MY_GENERIC_ALGO,,O-20260309-002429-001-000-80,,0d28f622-2361-43e5-a6d4-112ecfd9c305,2026-03-09 00:24:29.785680959+00:00,2026-03-09 00:24:29.785680959+00:00
BACKTESTER-001,OracleStrategy-000,MESM6.GLBX,GLBX-1-081,MESM6.GLBX-OracleStrategy-000,GLBX-001,GLBX-1-081,MARKET,SELL,1,GTC,False,False,1,TAKER,6668.0,0.0,['0.00 USD'],NO_TRIGGER,FILLED,NO_CONTINGENCY,,,,MY_GENERIC_ALGO,,O-20260309-002429-001-000-81,,a2a905da-f830-4a71-9f02-78c057dd0e3d,2026-03-09 00:24:29.785680959+00:00,2026-03-09 00:24:29.785680959+00:00
BACKTESTER-001,OracleStrategy-000,MESM6.GLBX,GLBX-1-082,MESM6.GLBX-OracleStrategy-000,GLBX-001,GLBX-1-082,MARKET,BUY,1,GTC,True,False,1,TAKER,6666.75,0.0,['0.00 USD'],NO_TRIGGER,FILLED,NO_CONTINGENCY,,,,MY_GENERIC_ALGO,,O-20260309-002435-001-000-82,,2996ae59-0f60-4918-bacd-ed07ceb2204e,2026-03-09 00:24:35.286330672+00:00,2026-03-09 00:24:35.286330672+00:00
BACKTESTER-001,OracleStrategy-000,MESM6.GLBX,GLBX-1-083,MESM6.GLBX-OracleStrategy-000,GLBX-001,GLBX-1-083,MARKET,BUY,1,GTC,False,False,1,TAKER,6666.75,0.0,['0.00 USD'],NO_TRIGGER,FILLED,NO_CONTINGENCY,,,,MY_GENERIC_ALGO,,O-20260309-002435-001-000-83,,0e83b614-b81b-458e-a158-dfab3eea5f2f,2026-03-09 00:24:35.286330672+00:00,2026-03-09 00:24:35.286330672+00:00
BACKTESTER-001,OracleStrategy-000,MESM6.GLBX,GLBX-1-084,MESM6.GLBX-OracleStrategy-000,GLBX-001,GLBX-1-084,MARKET,SELL,1,GTC,True,False,1,TAKER,6666.0,0.0,['0.00 USD'],NO_TRIGGER,FILLED,NO_CONTINGENCY,,,,MY_GENERIC_ALGO,,O-20260309-002440-001-000-84,,fa3653f7-8df3-4d3b-a840-f1f56e1ab8bd,2026-03-09 00:24:40.774216239+00:00,2026-03-09 00:24:40.774216239+00:00
BACKTESTER-001,OracleStrategy-000,MESM6.GLBX,GLBX-1-085,MESM6.GLBX-OracleStrategy-000,GLBX-001,GLBX-1-085,MARKET,SELL,1,GTC,False,False,1,TAKER,6666.0,0.0,['0.00 USD'],NO_TRIGGER,FILLED,NO_CONTINGENCY,,,,MY_GENERIC_ALGO,,O-20260309-002440-001-000-85,,d0f47c66-304e-406a-89f1-38897a4f6c42,2026-03-09 00:24:40.774216239+00:00,2026-03-09 00:24:40.774216239+00:00
BACKTESTER-001,OracleStrategy-000,MESM6.GLBX,GLBX-1-086,MESM6.GLBX-OracleStrategy-000,GLBX-001,GLBX-1-086,MARKET,BUY,1,GTC,True,False,1,TAKER,6667.25,0.0,['0.00 USD'],NO_TRIGGER,FILLED,NO_CONTINGENCY,,,,MY_GENERIC_ALGO,,O-20260309-002451-001-000-86,,7d37ad1e-3a0d-46f6-9db9-f14d82c9d30a,2026-03-09 00:24:51.498226224+00:00,2026-03-09 00:24:51.498226224+00:00
BACKTESTER-001,OracleStrategy-000,MESM6.GLBX,GLBX-1-087,MESM6.GLBX-OracleStrategy-000,GLBX-001,GLBX-1-087,MARKET,BUY,1,GTC,False,False,1,TAKER,6667.25,0.0,['0.00 USD'],NO_TRIGGER,FILLED,NO_CONTINGENCY,,,,MY_GENERIC_ALGO,,O-20260309-002451-001-000-87,,784e3f0f-3f68-4b3a-953e-f8a2a8eaa432,2026-03-09 00:24:51.498226224+00:00,2026-03-09 00:24:51.498226224+00:00
BACKTESTER-001,OracleStrategy-000,MESM6.GLBX,GLBX-1-088,MESM6.GLBX-OracleStrategy-000,GLBX-001,GLBX-1-088,MARKET,SELL,1,GTC,True,False,1,TAKER,6666.75,0.0,['0.00 USD'],NO_TRIGGER,FILLED,NO_CONTINGENCY,,,,MY_GENERIC_ALGO,,O-20260309-002454-001-000-88,,a4bf7f5e-817d-4a0e-94ab-a20f5e8a28d9,2026-03-09 00:24:54.773947169+00:00,2026-03-09 00:24:54.773947169+00:00
BACKTESTER-001,OracleStrategy-000,MESM6.GLBX,GLBX-1-089,MESM6.GLBX-OracleStrategy-000,GLBX-001,GLBX-1-089,MARKET,SELL,1,GTC,False,False,1,TAKER,6666.75,0.0,['0.00 USD'],NO_TRIGGER,FILLED,NO_CONTINGENCY,,,,MY_GENERIC_ALGO,,O-20260309-002454-001-000-89,,701532a8-4dd9-4bce-8aae-4433de1103fc,2026-03-09 00:24:54.773947169+00:00,2026-03-09 00:24:54.773947169+00:00
BACKTESTER-001,OracleStrategy-000,MESM6.GLBX,GLBX-1-090,MESM6.GLBX-OracleStrategy-000,GLBX-001,GLBX-1-090,MARKET,BUY,1,GTC,True,False,1,TAKER,6666.5,0.0,['0.00 USD'],NO_TRIGGER,FILLED,NO_CONTINGENCY,,,,MY_GENERIC_ALGO,,O-20260309-002509-001-000-90,,a9e171b6-7b23-4170-b647-f082b6952dd1,2026-03-09 00:25:09.267757777+00:00,2026-03-09 00:25:09.267757777+00:00
BACKTESTER-001,OracleStrategy-000,MESM6.GLBX,GLBX-1-091,MESM6.GLBX-OracleStrategy-000,GLBX-001,GLBX-1-091,MARKET,BUY,1,GTC,False,False,1,TAKER,6666.5,0.0,['0.00 USD'],NO_TRIGGER,FILLED,NO_CONTINGENCY,,,,MY_GENERIC_ALGO,,O-20260309-002509-001-000-91,,715e5853-e48c-441e-b655-50dccb86ab21,2026-03-09 00:25:09.267757777+00:00,2026-03-09 00:25:09.267757777+00:00
BACKTESTER-001,OracleStrategy-000,MESM6.GLBX,GLBX-1-092,MESM6.GLBX-OracleStrategy-000,GLBX-001,GLBX-1-092,MARKET,SELL,1,GTC,True,False,1,TAKER,6666.25,0.0,['0.00 USD'],NO_TRIGGER,FILLED,NO_CONTINGENCY,,,,MY_GENERIC_ALGO,,O-20260309-002511-001-000-92,,e7ad413f-b059-40e3-b67a-509e7e3331f4,2026-03-09 00:25:11.454831667+00:00,2026-03-09 00:25:11.454831667+00:00
BACKTESTER-001,OracleStrategy-000,MESM6.GLBX,GLBX-1-093,MESM6.GLBX-OracleStrategy-000,GLBX-001,GLBX-1-093,MARKET,SELL,1,GTC,False,False,1,TAKER,6666.25,0.0,['0.00 USD'],NO_TRIGGER,FILLED,NO_CONTINGENCY,,,,MY_GENERIC_ALGO,,O-20260309-002511-001-000-93,,9b2be64b-fb38-47e7-8ffe-2f0338fc5a33,2026-03-09 00:25:11.454831667+00:00,2026-03-09 00:25:11.454831667+00:00
BACKTESTER-001,OracleStrategy-000,MESM6.GLBX,GLBX-1-094,MESM6.GLBX-OracleStrategy-000,GLBX-001,GLBX-1-094,MARKET,BUY,1,GTC,True,False,1,TAKER,6666.0,0.0,['0.00 USD'],NO_TRIGGER,FILLED,NO_CONTINGENCY,,,,MY_GENERIC_ALGO,,O-20260309-002533-001-000-94,,c84f4e99-c81f-411e-ae7f-55c112763433,2026-03-09 00:25:33.649459701+00:00,2026-03-09 00:25:33.649459701+00:00
BACKTESTER-001,OracleStrategy-000,MESM6.GLBX,GLBX-1-095,MESM6.GLBX-OracleStrategy-000,GLBX-001,GLBX-1-095,MARKET,BUY,1,GTC,False,False,1,TAKER,6666.0,0.0,['0.00 USD'],NO_TRIGGER,FILLED,NO_CONTINGENCY,,,,MY_GENERIC_ALGO,,O-20260309-002533-001-000-95,,a76ae29c-182e-4652-8727-87ba881e2242,2026-03-09 00:25:33.649459701+00:00,2026-03-09 00:25:33.649459701+00:00
BACKTESTER-001,OracleStrategy-000,MESM6.GLBX,GLBX-1-096,MESM6.GLBX-OracleStrategy-000,GLBX-001,GLBX-1-096,MARKET,SELL,1,GTC,True,False,1,TAKER,6666.25,0.0,['0.00 USD'],NO_TRIGGER,FILLED,NO_CONTINGENCY,,,,MY_GENERIC_ALGO,,O-20260309-002540-001-000-96,,ef251666-22ce-4c97-8f5f-53e226821700,2026-03-09 00:25:40.477064029+00:00,2026-03-09 00:25:40.477064029+00:00
BACKTESTER-001,OracleStrategy-000,MESM6.GLBX,GLBX-1-097,MESM6.GLBX-OracleStrategy-000,GLBX-001,GLBX-1-097,MARKET,SELL,1,GTC,False,False,1,TAKER,6666.25,0.0,['0.00 USD'],NO_TRIGGER,FILLED,NO_CONTINGENCY,,,,MY_GENERIC_ALGO,,O-20260309-002540-001-000-97,,6d5cb964-b7b0-40ad-8bbb-84a0a2bd877b,2026-03-09 00:25:40.477064029+00:00,2026-03-09 00:25:40.477064029+00:00
BACKTESTER-001,OracleStrategy-000,MESM6.GLBX,GLBX-1-098,MESM6.GLBX-OracleStrategy-000,GLBX-001,GLBX-1-098,MARKET,BUY,1,GTC,True,False,1,TAKER,6665.75,0.0,['0.00 USD'],NO_TRIGGER,FILLED,NO_CONTINGENCY,,,,MY_GENERIC_ALGO,,O-20260309-002541-001-000-98,,e33843f4-f35f-403b-b8da-a4065844db69,2026-03-09 00:25:41.527841160+00:00,2026-03-09 00:25:41.527841160+00:00
BACKTESTER-001,OracleStrategy-000,MESM6.GLBX,GLBX-1-099,MESM6.GLBX-OracleStrategy-000,GLBX-001,GLBX-1-099,MARKET,BUY,1,GTC,False,False,1,TAKER,6665.75,0.0,['0.00 USD'],NO_TRIGGER,FILLED,NO_CONTINGENCY,,,,MY_GENERIC_ALGO,,O-20260309-002541-001-000-99,,f86b3135-0fbb-4868-a42c-052f0b7b4b0f,2026-03-09 00:25:41.527841160+00:00,2026-03-09 00:25:41.527841160+00:00
BACKTESTER-001,OracleStrategy-000,MESM6.GLBX,GLBX-1-100,MESM6.GLBX-OracleStrategy-000,GLBX-001,GLBX-1-100,MARKET,SELL,1,GTC,True,False,1,TAKER,6667.75,0.0,['0.00 USD'],NO_TRIGGER,FILLED,NO_CONTINGENCY,,,,MY_GENERIC_ALGO,,O-20260309-002616-001-000-100,,2595dee2-6615-4ce4-af62-f2a7331fb5c7,2026-03-09 00:26:16.385114328+00:00,2026-03-09 00:26:16.385114328+00:00
BACKTESTER-001,OracleStrategy-000,MESM6.GLBX,GLBX-1-101,MESM6.GLBX-OracleStrategy-000,GLBX-001,GLBX-1-101,MARKET,SELL,1,GTC,False,False,1,TAKER,6667.75,0.0,['0.00 USD'],NO_TRIGGER,FILLED,NO_CONTINGENCY,,,,MY_GENERIC_ALGO,,O-20260309-002616-001-000-101,,df393802-7ad6-4378-ac68-75f73f2eff82,2026-03-09 00:26:16.385114328+00:00,2026-03-09 00:26:16.385114328+00:00
BACKTESTER-001,OracleStrategy-000,MESM6.GLBX,GLBX-1-102,MESM6.GLBX-OracleStrategy-000,GLBX-001,GLBX-1-102,MARKET,BUY,1,GTC,True,False,1,TAKER,6668.25,0.0,['0.00 USD'],NO_TRIGGER,FILLED,NO_CONTINGENCY,,,,MY_GENERIC_ALGO,,O-20260309-002621-001-000-102,,afab5d03-0331-4fa2-8da3-25cf81d04dce,2026-03-09 00:26:21.291528711+00:00,2026-03-09 00:26:21.291528711+00:00
BACKTESTER-001,OracleStrategy-000,MESM6.GLBX,GLBX-1-103,MESM6.GLBX-OracleStrategy-000,GLBX-001,GLBX-1-103,MARKET,BUY,1,GTC,False,False,1,TAKER,6668.25,0.0,['0.00 USD'],NO_TRIGGER,FILLED,NO_CONTINGENCY,,,,MY_GENERIC_ALGO,,O-20260309-002621-001-000-103,,0d4503fc-d398-4652-b250-9b31d1402485,2026-03-09 00:26:21.291528711+00:00,2026-03-09 00:26:21.291528711+00:00
BACKTESTER-001,OracleStrategy-000,MESM6.GLBX,GLBX-1-104,MESM6.GLBX-OracleStrategy-000,GLBX-001,GLBX-1-104,MARKET,SELL,1,GTC,True,False,1,TAKER,6668.25,0.0,['0.00 USD'],NO_TRIGGER,FILLED,NO_CONTINGENCY,,,,MY_GENERIC_ALGO,,O-20260309-002644-001-000-104,,9ab2db26-01d1-40e3-81ee-d3a3c0d078e3,2026-03-09 00:26:44.446772523+00:00,2026-03-09 00:26:44.446772523+00:00
BACKTESTER-001,OracleStrategy-000,MESM6.GLBX,GLBX-1-105,MESM6.GLBX-OracleStrategy-000,GLBX-001,GLBX-1-105,MARKET,SELL,1,GTC,False,False,1,TAKER,6668.25,0.0,['0.00 USD'],NO_TRIGGER,FILLED,NO_CONTINGENCY,,,,MY_GENERIC_ALGO,,O-20260309-002644-001-000-105,,c4c20fcf-38c8-421c-8df2-9db7ae93e380,2026-03-09 00:26:44.446772523+00:00,2026-03-09 00:26:44.446772523+00:00
BACKTESTER-001,OracleStrategy-000,MESM6.GLBX,GLBX-1-106,MESM6.GLBX-OracleStrategy-000,GLBX-001,GLBX-1-106,MARKET,BUY,1,GTC,True,False,1,TAKER,6670.0,0.0,['0.00 USD'],NO_TRIGGER,FILLED,NO_CONTINGENCY,,,,MY_GENERIC_ALGO,,O-20260309-002655-001-000-106,,904c5dc6-486b-4bd3-a642-126a5983e411,2026-03-09 00:26:55.391430962+00:00,2026-03-09 00:26:55.391430962+00:00
BACKTESTER-001,OracleStrategy-000,MESM6.GLBX,GLBX-1-107,MESM6.GLBX-OracleStrategy-000,GLBX-001,GLBX-1-107,MARKET,BUY,1,GTC,False,False,1,TAKER,6670.0,0.0,['0.00 USD'],NO_TRIGGER,FILLED,NO_CONTINGENCY,,,,MY_GENERIC_ALGO,,O-20260309-002655-001-000-107,,5e005754-39a5-46a5-96d1-5361dee9a29d,2026-03-09 00:26:55.391430962+00:00,2026-03-09 00:26:55.391430962+00:00
BACKTESTER-001,OracleStrategy-000,MESM6.GLBX,GLBX-1-108,MESM6.GLBX-OracleStrategy-000,GLBX-001,GLBX-1-108,MARKET,SELL,1,GTC,True,False,1,TAKER,6668.75,0.0,['0.00 USD'],NO_TRIGGER,FILLED,NO_CONTINGENCY,,,,MY_GENERIC_ALGO,,O-20260309-002709-001-000-108,,632611c1-cd2c-4d18-be92-3abd2794f4e5,2026-03-09 00:27:09.470380642+00:00,2026-03-09 00:27:09.470380642+00:00
BACKTESTER-001,OracleStrategy-000,MESM6.GLBX,GLBX-1-109,MESM6.GLBX-OracleStrategy-000,GLBX-001,GLBX-1-109,MARKET,SELL,1,GTC,False,False,1,TAKER,6668.75,0.0,['0.00 USD'],NO_TRIGGER,FILLED,NO_CONTINGENCY,,,,MY_GENERIC_ALGO,,O-20260309-002709-001-000-109,,b71ffa6e-8b3e-4345-92ee-ddc5455d072f,2026-03-09 00:27:09.470380642+00:00,2026-03-09 00:27:09.470380642+00:00
BACKTESTER-001,OracleStrategy-000,MESM6.GLBX,GLBX-1-110,MESM6.GLBX-OracleStrategy-000,GLBX-001,GLBX-1-110,MARKET,BUY,1,GTC,True,False,1,TAKER,6669.0,0.0,['0.00 USD'],NO_TRIGGER,FILLED,NO_CONTINGENCY,,,,MY_GENERIC_ALGO,,O-20260309-002715-001-000-110,,da448d2e-e211-4e62-afc8-6cb8e66b7ec1,2026-03-09 00:27:15.645981507+00:00,2026-03-09 00:27:15.645981507+00:00
BACKTESTER-001,OracleStrategy-000,MESM6.GLBX,GLBX-1-111,MESM6.GLBX-OracleStrategy-000,GLBX-001,GLBX-1-111,MARKET,BUY,1,GTC,False,False,1,TAKER,6669.0,0.0,['0.00 USD'],NO_TRIGGER,FILLED,NO_CONTINGENCY,,,,MY_GENERIC_ALGO,,O-20260309-002715-001-000-111,,bc1f28f1-66c6-446d-8994-0fed333407c9,2026-03-09 00:27:15.645981507+00:00,2026-03-09 00:27:15.645981507+00:00
BACKTESTER-001,OracleStrategy-000,MESM6.GLBX,GLBX-1-112,MESM6.GLBX-OracleStrategy-000,GLBX-001,GLBX-1-112,MARKET,SELL,1,GTC,True,False,1,TAKER,6667.25,0.0,['0.00 USD'],NO_TRIGGER,FILLED,NO_CONTINGENCY,,,,MY_GENERIC_ALGO,,O-20260309-002810-001-000-112,,e8ec066c-8990-4e51-8934-8c90b3a07693,2026-03-09 00:28:10.783046794+00:00,2026-03-09 00:28:10.783046794+00:00
BACKTESTER-001,OracleStrategy-000,MESM6.GLBX,GLBX-1-113,MESM6.GLBX-OracleStrategy-000,GLBX-001,GLBX-1-113,MARKET,SELL,1,GTC,False,False,1,TAKER,6667.25,0.0,['0.00 USD'],NO_TRIGGER,FILLED,NO_CONTINGENCY,,,,MY_GENERIC_ALGO,,O-20260309-002810-001-000-113,,95dcc46c-7999-4eef-9c12-a15a878d4d4c,2026-03-09 00:28:10.783046794+00:00,2026-03-09 00:28:10.783046794+00:00
BACKTESTER-001,OracleStrategy-000,MESM6.GLBX,GLBX-1-114,MESM6.GLBX-OracleStrategy-000,GLBX-001,GLBX-1-114,MARKET,BUY,1,GTC,True,False,1,TAKER,6667.75,0.0,['0.00 USD'],NO_TRIGGER,FILLED,NO_CONTINGENCY,,,,MY_GENERIC_ALGO,,O-20260309-002843-001-000-114,,c92734a8-9273-4918-a599-27563253024e,2026-03-09 00:28:43.487897067+00:00,2026-03-09 00:28:43.487897067+00:00
BACKTESTER-001,OracleStrategy-000,MESM6.GLBX,GLBX-1-115,MESM6.GLBX-OracleStrategy-000,GLBX-001,GLBX-1-115,MARKET,BUY,1,GTC,False,False,1,TAKER,6667.75,0.0,['0.00 USD'],NO_TRIGGER,FILLED,NO_CONTINGENCY,,,,MY_GENERIC_ALGO,,O-20260309-002843-001-000-115,,ead006d4-1cae-488d-b304-aada404b7298,2026-03-09 00:28:43.487897067+00:00,2026-03-09 00:28:43.487897067+00:00
BACKTESTER-001,OracleStrategy-000,MESM6.GLBX,GLBX-1-116,MESM6.GLBX-OracleStrategy-000,GLBX-001,GLBX-1-116,MARKET,SELL,1,GTC,True,False,1,TAKER,6668.25,0.0,['0.00 USD'],NO_TRIGGER,FILLED,NO_CONTINGENCY,,,,MY_GENERIC_ALGO,,O-20260309-002901-001-000-116,,22340818-d368-4d48-97d1-185457bf1de1,2026-03-09 00:29:01.046001390+00:00,2026-03-09 00:29:01.046001390+00:00
BACKTESTER-001,OracleStrategy-000,MESM6.GLBX,GLBX-1-117,MESM6.GLBX-OracleStrategy-000,GLBX-001,GLBX-1-117,MARKET,SELL,1,GTC,False,False,1,TAKER,6668.25,0.0,['0.00 USD'],NO_TRIGGER,FILLED,NO_CONTINGENCY,,,,MY_GENERIC_ALGO,,O-20260309-002901-001-000-117,,e0cf2062-c009-4817-b4be-d17e406cc2bd,2026-03-09 00:29:01.046001390+00:00,2026-03-09 00:29:01.046001390+00:00
BACKTESTER-001,OracleStrategy-000,MESM6.GLBX,GLBX-1-118,MESM6.GLBX-OracleStrategy-000,GLBX-001,GLBX-1-118,MARKET,BUY,1,GTC,True,False,1,TAKER,6668.75,0.0,['0.00 USD'],NO_TRIGGER,FILLED,NO_CONTINGENCY,,,,MY_GENERIC_ALGO,,O-20260309-002912-001-000-118,,6b17e8fe-4393-4c84-9f3f-e24689e41534,2026-03-09 00:29:12.073319378+00:00,2026-03-09 00:29:12.073319378+00:00
BACKTESTER-001,OracleStrategy-000,MESM6.GLBX,GLBX-1-119,MESM6.GLBX-OracleStrategy-000,GLBX-001,GLBX-1-119,MARKET,BUY,1,GTC,False,False,1,TAKER,6668.75,0.0,['0.00 USD'],NO_TRIGGER,FILLED,NO_CONTINGENCY,,,,MY_GENERIC_ALGO,,O-20260309-002912-001-000-119,,229846d6-5d3b-4a77-8d26-f176e0599d4e,2026-03-09 00:29:12.073319378+00:00,2026-03-09 00:29:12.073319378+00:00
BACKTESTER-001,OracleStrategy-000,MESM6.GLBX,GLBX-1-120,MESM6.GLBX-OracleStrategy-000,GLBX-001,GLBX-1-120,MARKET,SELL,1,GTC,True,False,1,TAKER,6667.75,0.0,['0.00 USD'],NO_TRIGGER,FILLED,NO_CONTINGENCY,,,,MY_GENERIC_ALGO,,O-20260309-002914-001-000-120,,65b49fd3-9d7e-4801-aa83-abcd10da9888,2026-03-09 00:29:14.242441848+00:00,2026-03-09 00:29:14.242441848+00:00
BACKTESTER-001,OracleStrategy-000,MESM6.GLBX,GLBX-1-121,MESM6.GLBX-OracleStrategy-000,GLBX-001,GLBX-1-121,MARKET,SELL,1,GTC,False,False,1,TAKER,6667.75,0.0,['0.00 USD'],NO_TRIGGER,FILLED,NO_CONTINGENCY,,,,MY_GENERIC_ALGO,,O-20260309-002914-001-000-121,,37f72fa8-6c45-4d3f-a97d-537b5ba6da14,2026-03-09 00:29:14.242441848+00:00,2026-03-09 00:29:14.242441848+00:00
BACKTESTER-001,OracleStrategy-000,MESM6.GLBX,GLBX-1-122,MESM6.GLBX-OracleStrategy-000,GLBX-001,GLBX-1-122,MARKET,BUY,1,GTC,True,False,1,TAKER,6668.5,0.0,['0.00 USD'],NO_TRIGGER,FILLED,NO_CONTINGENCY,,,,MY_GENERIC_ALGO,,O-20260309-002918-001-000-122,,eb796a6f-0207-45d4-b126-f0f2f1c35f71,2026-03-09 00:29:18.382921679+00:00,2026-03-09 00:29:18.382921679+00:00
BACKTESTER-001,OracleStrategy-000,MESM6.GLBX,GLBX-1-123,MESM6.GLBX-OracleStrategy-000,GLBX-001,GLBX-1-123,MARKET,BUY,1,GTC,False,False,1,TAKER,6668.5,0.0,['0.00 USD'],NO_TRIGGER,FILLED,NO_CONTINGENCY,,,,MY_GENERIC_ALGO,,O-20260309-002918-001-000-123,,becad10f-2d7d-4718-ab48-7b03434921d2,2026-03-09 00:29:18.382921679+00:00,2026-03-09 00:29:18.382921679+00:00
BACKTESTER-001,OracleStrategy-000,MESM6.GLBX,GLBX-1-124,MESM6.GLBX-OracleStrategy-000,GLBX-001,GLBX-1-124,MARKET,SELL,1,GTC,True,False,1,TAKER,6672.75,0.0,['0.00 USD'],NO_TRIGGER,FILLED,NO_CONTINGENCY,,,,MY_GENERIC_ALGO,,O-20260309-002950-001-000-124,,c58bc4b8-a9ee-405c-825b-4531d560baea,2026-03-09 00:29:50.171583640+00:00,2026-03-09 00:29:50.171583640+00:00
BACKTESTER-001,OracleStrategy-000,MESM6.GLBX,GLBX-1-125,MESM6.GLBX-OracleStrategy-000,GLBX-001,GLBX-1-125,MARKET,SELL,1,GTC,False,False,1,TAKER,6672.75,0.0,['0.00 USD'],NO_TRIGGER,FILLED,NO_CONTINGENCY,,,,MY_GENERIC_ALGO,,O-20260309-002950-001-000-125,,d14761e9-a813-4b3c-92f9-95b82bb15a91,2026-03-09 00:29:50.171583640+00:00,2026-03-09 00:29:50.171583640+00:00
BACKTESTER-001,OracleStrategy-000,MESM6.GLBX,GLBX-1-126,MESM6.GLBX-OracleStrategy-000,GLBX-001,GLBX-1-126,MARKET,BUY,1,GTC,True,False,1,TAKER,6673.75,0.0,['0.00 USD'],NO_TRIGGER,FILLED,NO_CONTINGENCY,,,,MY_GENERIC_ALGO,,O-20260309-002951-001-000-126,,fc416b2d-b3a7-4559-abad-ebfdc7c6ff03,2026-03-09 00:29:51.227769587+00:00,2026-03-09 00:29:51.227769587+00:00
BACKTESTER-001,OracleStrategy-000,MESM6.GLBX,GLBX-1-127,MESM6.GLBX-OracleStrategy-000,GLBX-001,GLBX-1-127,MARKET,BUY,1,GTC,False,False,1,TAKER,6673.75,0.0,['0.00 USD'],NO_TRIGGER,FILLED,NO_CONTINGENCY,,,,MY_GENERIC_ALGO,,O-20260309-002951-001-000-127,,daf87bde-44e8-4308-845d-9239f361dfa4,2026-03-09 00:29:51.227769587+00:00,2026-03-09 00:29:51.227769587+00:00
BACKTESTER-001,OracleStrategy-000,MESM6.GLBX,GLBX-1-128,MESM6.GLBX-OracleStrategy-000,GLBX-001,GLBX-1-128,MARKET,SELL,1,GTC,True,False,1,TAKER,6675.75,0.0,['0.00 USD'],NO_TRIGGER,FILLED,NO_CONTINGENCY,,,,MY_GENERIC_ALGO,,O-20260309-003007-001-000-128,,e45320dc-ebef-45d0-93f9-ae1c83706905,2026-03-09 00:30:07.445320407+00:00,2026-03-09 00:30:07.445320407+00:00
BACKTESTER-001,OracleStrategy-000,MESM6.GLBX,GLBX-1-129,MESM6.GLBX-OracleStrategy-000,GLBX-001,GLBX-1-129,MARKET,SELL,1,GTC,False,False,1,TAKER,6675.75,0.0,['0.00 USD'],NO_TRIGGER,FILLED,NO_CONTINGENCY,,,,MY_GENERIC_ALGO,,O-20260309-003007-001-000-129,,141868c0-8313-4e8d-9be3-2b2d673f0ed5,2026-03-09 00:30:07.445320407+00:00,2026-03-09 00:30:07.445320407+00:00
BACKTESTER-001,OracleStrategy-000,MESM6.GLBX,GLBX-1-130,MESM6.GLBX-OracleStrategy-000,GLBX-001,GLBX-1-130,MARKET,BUY,1,GTC,True,False,1,TAKER,6673.0,0.0,['0.00 USD'],NO_TRIGGER,FILLED,NO_CONTINGENCY,,,,MY_GENERIC_ALGO,,O-20260309-003104-001-000-130,,ab557232-2f94-488d-b454-e23e3138fb75,2026-03-09 00:31:04.252315157+00:00,2026-03-09 00:31:04.252315157+00:00
BACKTESTER-001,OracleStrategy-000,MESM6.GLBX,GLBX-1-131,MESM6.GLBX-OracleStrategy-000,GLBX-001,GLBX-1-131,MARKET,BUY,1,GTC,False,False,1,TAKER,6673.0,0.0,['0.00 USD'],NO_TRIGGER,FILLED,NO_CONTINGENCY,,,,MY_GENERIC_ALGO,,O-20260309-003104-001-000-131,,d94edd16-0d80-4750-afed-2809d2e3d47a,2026-03-09 00:31:04.252315157+00:00,2026-03-09 00:31:04.252315157+00:00
BACKTESTER-001,OracleStrategy-000,MESM6.GLBX,GLBX-1-132,MESM6.GLBX-OracleStrategy-000,GLBX-001,GLBX-1-132,MARKET,SELL,1,GTC,True,False,1,TAKER,6679.25,0.0,['0.00 USD'],NO_TRIGGER,FILLED,NO_CONTINGENCY,,,,MY_GENERIC_ALGO,,O-20260309-003405-001-000-132,,d6877476-0ec2-4600-b9c2-b503497e37ae,2026-03-09 00:34:05.787745167+00:00,2026-03-09 00:34:05.787745167+00:00
BACKTESTER-001,OracleStrategy-000,MESM6.GLBX,GLBX-1-133,MESM6.GLBX-OracleStrategy-000,GLBX-001,GLBX-1-133,MARKET,SELL,1,GTC,False,False,1,TAKER,6679.25,0.0,['0.00 USD'],NO_TRIGGER,FILLED,NO_CONTINGENCY,,,,MY_GENERIC_ALGO,,O-20260309-003405-001-000-133,,d7d3945e-ae73-4099-9717-b1efc9834273,2026-03-09 00:34:05.787745167+00:00,2026-03-09 00:34:05.787745167+00:00
BACKTESTER-001,OracleStrategy-000,MESM6.GLBX,GLBX-1-134,MESM6.GLBX-OracleStrategy-000,GLBX-001,GLBX-1-134,MARKET,BUY,1,GTC,True,False,1,TAKER,6679.25,0.0,['0.00 USD'],NO_TRIGGER,FILLED,NO_CONTINGENCY,,,,MY_GENERIC_ALGO,,O-20260309-003424-001-000-134,,b7863cde-1cc5-4fd3-aacd-3e022a97e19e,2026-03-09 00:34:24.253840984+00:00,2026-03-09 00:34:24.253840984+00:00
BACKTESTER-001,OracleStrategy-000,MESM6.GLBX,GLBX-1-135,MESM6.GLBX-OracleStrategy-000,GLBX-001,GLBX-1-135,MARKET,BUY,1,GTC,False,False,1,TAKER,6679.25,0.0,['0.00 USD'],NO_TRIGGER,FILLED,NO_CONTINGENCY,,,,MY_GENERIC_ALGO,,O-20260309-003424-001-000-135,,7b015312-2279-4f81-9fe1-0e3f5a5bf288,2026-03-09 00:34:24.253840984+00:00,2026-03-09 00:34:24.253840984+00:00
BACKTESTER-001,OracleStrategy-000,MESM6.GLBX,GLBX-1-136,MESM6.GLBX-OracleStrategy-000,GLBX-001,GLBX-1-136,MARKET,SELL,1,GTC,True,False,1,TAKER,6682.0,0.0,['0.00 USD'],NO_TRIGGER,FILLED,NO_CONTINGENCY,,,,MY_GENERIC_ALGO,,O-20260309-003526-001-000-136,,cbf50669-0074-4949-8dec-6cfa785e7909,2026-03-09 00:35:26.179554805+00:00,2026-03-09 00:35:26.179554805+00:00
BACKTESTER-001,OracleStrategy-000,MESM6.GLBX,GLBX-1-137,MESM6.GLBX-OracleStrategy-000,GLBX-001,GLBX-1-137,MARKET,SELL,1,GTC,False,False,1,TAKER,6682.0,0.0,['0.00 USD'],NO_TRIGGER,FILLED,NO_CONTINGENCY,,,,MY_GENERIC_ALGO,,O-20260309-003526-001-000-137,,c3f977b3-8552-4964-9134-2837bc64d519,2026-03-09 00:35:26.179554805+00:00,2026-03-09 00:35:26.179554805+00:00
BACKTESTER-001,OracleStrategy-000,MESM6.GLBX,GLBX-1-138,MESM6.GLBX-OracleStrategy-000,GLBX-001,GLBX-1-138,MARKET,BUY,1,GTC,True,False,1,TAKER,6683.25,0.0,['0.00 USD'],NO_TRIGGER,FILLED,NO_CONTINGENCY,,,,MY_GENERIC_ALGO,,O-20260309-003533-001-000-138,,0f091d71-f7d9-49b5-9e98-b229bed00d2c,2026-03-09 00:35:33.144806138+00:00,2026-03-09 00:35:33.144806138+00:00
BACKTESTER-001,OracleStrategy-000,MESM6.GLBX,GLBX-1-139,MESM6.GLBX-OracleStrategy-000,GLBX-001,GLBX-1-139,MARKET,BUY,1,GTC,False,False,1,TAKER,6683.25,0.0,['0.00 USD'],NO_TRIGGER,FILLED,NO_CONTINGENCY,,,,MY_GENERIC_ALGO,,O-20260309-003533-001-000-139,,46222b17-d6fc-42fb-92fe-820cdbd98643,2026-03-09 00:35:33.144806138+00:00,2026-03-09 00:35:33.144806138+00:00
BACKTESTER-001,OracleStrategy-000,MESM6.GLBX,GLBX-1-140,MESM6.GLBX-OracleStrategy-000,GLBX-001,GLBX-1-140,MARKET,SELL,1,GTC,True,False,1,TAKER,6683.0,0.0,['0.00 USD'],NO_TRIGGER,FILLED,NO_CONTINGENCY,,,,MY_GENERIC_ALGO,,O-20260309-003539-001-000-140,,69283ed4-1471-438e-b588-997cda14e6e9,2026-03-09 00:35:39.770296563+00:00,2026-03-09 00:35:39.770296563+00:00
BACKTESTER-001,OracleStrategy-000,MESM6.GLBX,GLBX-1-141,MESM6.GLBX-OracleStrategy-000,GLBX-001,GLBX-1-141,MARKET,SELL,1,GTC,False,False,1,TAKER,6683.0,0.0,['0.00 USD'],NO_TRIGGER,FILLED,NO_CONTINGENCY,,,,MY_GENERIC_ALGO,,O-20260309-003539-001-000-141,,99e0fc83-f8bf-425f-b6ec-b97bc6f6b9db,2026-03-09 00:35:39.770296563+00:00,2026-03-09 00:35:39.770296563+00:00
BACKTESTER-001,OracleStrategy-000,MESM6.GLBX,GLBX-1-142,MESM6.GLBX-OracleStrategy-000,GLBX-001,GLBX-1-142,MARKET,BUY,1,GTC,True,False,1,TAKER,6683.0,0.0,['0.00 USD'],NO_TRIGGER,FILLED,NO_CONTINGENCY,,,,MY_GENERIC_ALGO,,O-20260309-003559-001-000-142,,1205fed8-e2d3-4e77-bd08-a177c2e8da4a,2026-03-09 00:35:59.850099872+00:00,2026-03-09 00:35:59.850099872+00:00
BACKTESTER-001,OracleStrategy-000,MESM6.GLBX,GLBX-1-143,MESM6.GLBX-OracleStrategy-000,GLBX-001,GLBX-1-143,MARKET,BUY,1,GTC,False,False,1,TAKER,6683.0,0.0,['0.00 USD'],NO_TRIGGER,FILLED,NO_CONTINGENCY,,,,MY_GENERIC_ALGO,,O-20260309-003559-001-000-143,,3ae0c127-1c4f-411c-9150-58df9f32560e,2026-03-09 00:35:59.850099872+00:00,2026-03-09 00:35:59.850099872+00:00
BACKTESTER-001,OracleStrategy-000,MESM6.GLBX,GLBX-1-144,MESM6.GLBX-OracleStrategy-000,GLBX-001,GLBX-1-144,MARKET,SELL,1,GTC,True,False,1,TAKER,6683.0,0.0,['0.00 USD'],NO_TRIGGER,FILLED,NO_CONTINGENCY,,,,MY_GENERIC_ALGO,,O-20260309-003611-001-000-144,,746046a2-0a3c-4648-87e5-58449458c855,2026-03-09 00:36:11.413861594+00:00,2026-03-09 00:36:11.413861594+00:00
BACKTESTER-001,OracleStrategy-000,MESM6.GLBX,GLBX-1-145,MESM6.GLBX-OracleStrategy-000,GLBX-001,GLBX-1-145,MARKET,SELL,1,GTC,False,False,1,TAKER,6683.0,0.0,['0.00 USD'],NO_TRIGGER,FILLED,NO_CONTINGENCY,,,,MY_GENERIC_ALGO,,O-20260309-003611-001-000-145,,7cf861ad-e65c-42fd-bca4-065388684247,2026-03-09 00:36:11.413861594+00:00,2026-03-09 00:36:11.413861594+00:00
BACKTESTER-001,OracleStrategy-000,MESM6.GLBX,GLBX-1-146,MESM6.GLBX-OracleStrategy-000,GLBX-001,GLBX-1-146,MARKET,BUY,1,GTC,True,False,1,TAKER,6682.5,0.0,['0.00 USD'],NO_TRIGGER,FILLED,NO_CONTINGENCY,,,,MY_GENERIC_ALGO,,O-20260309-003626-001-000-146,,19438930-6412-4fa6-926a-09ee3a349c8e,2026-03-09 00:36:26.886871495+00:00,2026-03-09 00:36:26.886871495+00:00
BACKTESTER-001,OracleStrategy-000,MESM6.GLBX,GLBX-1-147,MESM6.GLBX-OracleStrategy-000,GLBX-001,GLBX-1-147,MARKET,BUY,1,GTC,False,False,1,TAKER,6682.5,0.0,['0.00 USD'],NO_TRIGGER,FILLED,NO_CONTINGENCY,,,,MY_GENERIC_ALGO,,O-20260309-003626-001-000-147,,f3a4b2bd-4fbf-4943-b291-4e77fe64610b,2026-03-09 00:36:26.886871495+00:00,2026-03-09 00:36:26.886871495+00:00
BACKTESTER-001,OracleStrategy-000,MESM6.GLBX,GLBX-1-148,MESM6.GLBX-OracleStrategy-000,GLBX-001,GLBX-1-148,MARKET,SELL,1,GTC,True,False,1,TAKER,6680.75,0.0,['0.00 USD'],NO_TRIGGER,FILLED,NO_CONTINGENCY,,,,MY_GENERIC_ALGO,,O-20260309-003711-001-000-148,,e203ff18-8fff-499d-ade1-3c19bc9732b1,2026-03-09 00:37:11.310558615+00:00,2026-03-09 00:37:11.310558615+00:00
BACKTESTER-001,OracleStrategy-000,MESM6.GLBX,GLBX-1-149,MESM6.GLBX-OracleStrategy-000,GLBX-001,GLBX-1-149,MARKET,SELL,1,GTC,False,False,1,TAKER,6680.75,0.0,['0.00 USD'],NO_TRIGGER,FILLED,NO_CONTINGENCY,,,,MY_GENERIC_ALGO,,O-20260309-003711-001-000-149,,75d51e97-faf3-47de-b271-f697cee3b8c9,2026-03-09 00:37:11.310558615+00:00,2026-03-09 00:37:11.310558615+00:00
BACKTESTER-001,OracleStrategy-000,MESM6.GLBX,GLBX-1-150,MESM6.GLBX-OracleStrategy-000,GLBX-001,GLBX-1-150,MARKET,BUY,1,GTC,True,False,1,TAKER,6679.25,0.0,['0.00 USD'],NO_TRIGGER,FILLED,NO_CONTINGENCY,,,,MY_GENERIC_ALGO,,O-20260309-003743-001-000-150,,68626d87-d718-43a7-8316-2c29af9754d6,2026-03-09 00:37:43.656868586+00:00,2026-03-09 00:37:43.656868586+00:00
BACKTESTER-001,OracleStrategy-000,MESM6.GLBX,GLBX-1-151,MESM6.GLBX-OracleStrategy-000,GLBX-001,GLBX-1-151,MARKET,BUY,1,GTC,False,False,1,TAKER,6679.25,0.0,['0.00 USD'],NO_TRIGGER,FILLED,NO_CONTINGENCY,,,,MY_GENERIC_ALGO,,O-20260309-003743-001-000-151,,56e6e7b2-f439-4c73-9ed0-c92b24f6d52d,2026-03-09 00:37:43.656868586+00:00,2026-03-09 00:37:43.656868586+00:00
BACKTESTER-001,OracleStrategy-000,MESM6.GLBX,GLBX-1-152,MESM6.GLBX-OracleStrategy-000,GLBX-001,GLBX-1-152,MARKET,SELL,1,GTC,True,False,1,TAKER,6679.0,0.0,['0.00 USD'],NO_TRIGGER,FILLED,NO_CONTINGENCY,,,,MY_GENERIC_ALGO,,O-20260309-003758-001-000-152,,503dee9b-f6b8-4c83-8fd2-dba86906b33c,2026-03-09 00:37:58.742116319+00:00,2026-03-09 00:37:58.742116319+00:00
BACKTESTER-001,OracleStrategy-000,MESM6.GLBX,GLBX-1-153,MESM6.GLBX-OracleStrategy-000,GLBX-001,GLBX-1-153,MARKET,SELL,1,GTC,False,False,1,TAKER,6679.0,0.0,['0.00 USD'],NO_TRIGGER,FILLED,NO_CONTINGENCY,,,,MY_GENERIC_ALGO,,O-20260309-003758-001-000-153,,4395024e-e535-4f0b-85e0-d6df202ec326,2026-03-09 00:37:58.742116319+00:00,2026-03-09 00:37:58.742116319+00:00
BACKTESTER-001,OracleStrategy-000,MESM6.GLBX,GLBX-1-154,MESM6.GLBX-OracleStrategy-000,GLBX-001,GLBX-1-154,MARKET,BUY,1,GTC,True,False,1,TAKER,6679.75,0.0,['0.00 USD'],NO_TRIGGER,FILLED,NO_CONTINGENCY,,,,MY_GENERIC_ALGO,,O-20260309-003804-001-000-154,,989b2d36-0acf-452d-8839-c251f0ecbbf0,2026-03-09 00:38:04.836679755+00:00,2026-03-09 00:38:04.836679755+00:00
BACKTESTER-001,OracleStrategy-000,MESM6.GLBX,GLBX-1-155,MESM6.GLBX-OracleStrategy-000,GLBX-001,GLBX-1-155,MARKET,BUY,1,GTC,False,False,1,TAKER,6679.75,0.0,['0.00 USD'],NO_TRIGGER,FILLED,NO_CONTINGENCY,,,,MY_GENERIC_ALGO,,O-20260309-003804-001-000-155,,09a52517-8554-42fc-8133-e97ab33f9f27,2026-03-09 00:38:04.836679755+00:00,2026-03-09 00:38:04.836679755+00:00
BACKTESTER-001,OracleStrategy-000,MESM6.GLBX,GLBX-1-156,MESM6.GLBX-OracleStrategy-000,GLBX-001,GLBX-1-156,MARKET,SELL,1,GTC,True,False,1,TAKER,6678.75,0.0,['0.00 USD'],NO_TRIGGER,FILLED,NO_CONTINGENCY,,,,MY_GENERIC_ALGO,,O-20260309-003912-001-000-156,,51dfc33c-4690-4ed8-a6ba-580fcca07287,2026-03-09 00:39:12.182813091+00:00,2026-03-09 00:39:12.182813091+00:00
BACKTESTER-001,OracleStrategy-000,MESM6.GLBX,GLBX-1-157,MESM6.GLBX-OracleStrategy-000,GLBX-001,GLBX-1-157,MARKET,SELL,1,GTC,False,False,1,TAKER,6678.75,0.0,['0.00 USD'],NO_TRIGGER,FILLED,NO_CONTINGENCY,,,,MY_GENERIC_ALGO,,O-20260309-003912-001-000-157,,998c2c3f-1cc2-4ca5-b868-694b0a5a3bdb,2026-03-09 00:39:12.182813091+00:00,2026-03-09 00:39:12.182813091+00:00
BACKTESTER-001,OracleStrategy-000,MESM6.GLBX,GLBX-1-158,MESM6.GLBX-OracleStrategy-000,GLBX-001,GLBX-1-158,MARKET,BUY,1,GTC,True,False,1,TAKER,6675.25,0.0,['0.00 USD'],NO_TRIGGER,FILLED,NO_CONTINGENCY,,,,MY_GENERIC_ALGO,,O-20260309-003942-001-000-158,,a50c6535-da0c-4e85-856d-f332b2a4a3a3,2026-03-09 00:39:42.719342408+00:00,2026-03-09 00:39:42.719342408+00:00
BACKTESTER-001,OracleStrategy-000,MESM6.GLBX,GLBX-1-159,MESM6.GLBX-OracleStrategy-000,GLBX-001,GLBX-1-159,MARKET,BUY,1,GTC,False,False,1,TAKER,6675.25,0.0,['0.00 USD'],NO_TRIGGER,FILLED,NO_CONTINGENCY,,,,MY_GENERIC_ALGO,,O-20260309-003942-001-000-159,,07b40b28-4d1c-4a3f-bb2b-d93780451258,2026-03-09 00:39:42.719342408+00:00,2026-03-09 00:39:42.719342408+00:00
BACKTESTER-001,OracleStrategy-000,MESM6.GLBX,GLBX-1-160,MESM6.GLBX-OracleStrategy-000,GLBX-001,GLBX-1-160,MARKET,SELL,1,GTC,True,False,1,TAKER,6675.25,0.0,['0.00 USD'],NO_TRIGGER,FILLED,NO_CONTINGENCY,,,,MY_GENERIC_ALGO,,O-20260309-003959-001-000-160,,cd661bbe-2a65-4f2e-bf7a-c58db9cdf166,2026-03-09 00:39:59.885923302+00:00,2026-03-09 00:39:59.885923302+00:00
BACKTESTER-001,OracleStrategy-000,MESM6.GLBX,GLBX-1-161,MESM6.GLBX-OracleStrategy-000,GLBX-001,GLBX-1-161,MARKET,SELL,1,GTC,False,False,1,TAKER,6675.25,0.0,['0.00 USD'],NO_TRIGGER,FILLED,NO_CONTINGENCY,,,,MY_GENERIC_ALGO,,O-20260309-003959-001-000-161,,bdc4ade2-93f1-4d7b-9e6b-b0d03ec2ccd1,2026-03-09 00:39:59.885923302+00:00,2026-03-09 00:39:59.885923302+00:00
BACKTESTER-001,OracleStrategy-000,MESM6.GLBX,GLBX-1-162,MESM6.GLBX-OracleStrategy-000,GLBX-001,GLBX-1-162,MARKET,BUY,1,GTC,True,False,1,TAKER,6675.0,0.0,['0.00 USD'],NO_TRIGGER,FILLED,NO_CONTINGENCY,,,,MY_GENERIC_ALGO,,O-20260309-004005-001-000-162,,2f4ed890-aa5a-4968-850f-9731d9d40e5d,2026-03-09 00:40:05.239829183+00:00,2026-03-09 00:40:05.239829183+00:00
BACKTESTER-001,OracleStrategy-000,MESM6.GLBX,GLBX-1-163,MESM6.GLBX-OracleStrategy-000,GLBX-001,GLBX-1-163,MARKET,BUY,1,GTC,False,False,1,TAKER,6675.0,0.0,['0.00 USD'],NO_TRIGGER,FILLED,NO_CONTINGENCY,,,,MY_GENERIC_ALGO,,O-20260309-004005-001-000-163,,75098aa7-4393-4030-8070-33cd590a950e,2026-03-09 00:40:05.239829183+00:00,2026-03-09 00:40:05.239829183+00:00
BACKTESTER-001,OracleStrategy-000,MESM6.GLBX,GLBX-1-164,MESM6.GLBX-OracleStrategy-000,GLBX-001,GLBX-1-164,MARKET,SELL,1,GTC,True,False,1,TAKER,6674.0,0.0,['0.00 USD'],NO_TRIGGER,FILLED,NO_CONTINGENCY,,,,MY_GENERIC_ALGO,,O-20260309-004024-001-000-164,,86ca06cf-5266-4848-94dd-6d34ff5c1098,2026-03-09 00:40:24.164004277+00:00,2026-03-09 00:40:24.164004277+00:00
BACKTESTER-001,OracleStrategy-000,MESM6.GLBX,GLBX-1-165,MESM6.GLBX-OracleStrategy-000,GLBX-001,GLBX-1-165,MARKET,SELL,1,GTC,False,False,1,TAKER,6674.0,0.0,['0.00 USD'],NO_TRIGGER,FILLED,NO_CONTINGENCY,,,,MY_GENERIC_ALGO,,O-20260309-004024-001-000-165,,92614a06-9c2c-4b1c-9b43-47592148980e,2026-03-09 00:40:24.164004277+00:00,2026-03-09 00:40:24.164004277+00:00
BACKTESTER-001,OracleStrategy-000,MESM6.GLBX,GLBX-1-166,MESM6.GLBX-OracleStrategy-000,GLBX-001,GLBX-1-166,MARKET,BUY,1,GTC,True,False,1,TAKER,6673.0,0.0,['0.00 USD'],NO_TRIGGER,FILLED,NO_CONTINGENCY,,,,MY_GENERIC_ALGO,,O-20260309-004033-001-000-166,,4799044a-9a60-40a7-8ff1-381c56b80ff8,2026-03-09 00:40:33.502969191+00:00,2026-03-09 00:40:33.502969191+00:00
BACKTESTER-001,OracleStrategy-000,MESM6.GLBX,GLBX-1-167,MESM6.GLBX-OracleStrategy-000,GLBX-001,GLBX-1-167,MARKET,BUY,1,GTC,False,False,1,TAKER,6673.0,0.0,['0.00 USD'],NO_TRIGGER,FILLED,NO_CONTINGENCY,,,,MY_GENERIC_ALGO,,O-20260309-004033-001-000-167,,b8a42726-206e-4500-b9dd-fefb724c0061,2026-03-09 00:40:33.502969191+00:00,2026-03-09 00:40:33.502969191+00:00
BACKTESTER-001,OracleStrategy-000,MESM6.GLBX,GLBX-1-168,MESM6.GLBX-OracleStrategy-000,GLBX-001,GLBX-1-168,MARKET,SELL,1,GTC,True,False,1,TAKER,6672.0,0.0,['0.00 USD'],NO_TRIGGER,FILLED,NO_CONTINGENCY,,,,MY_GENERIC_ALGO,,O-20260309-004042-001-000-168,,06ee95e5-4e54-4cf3-89df-7ba486d820e2,2026-03-09 00:40:42.903846216+00:00,2026-03-09 00:40:42.903846216+00:00
BACKTESTER-001,OracleStrategy-000,MESM6.GLBX,GLBX-1-169,MESM6.GLBX-OracleStrategy-000,GLBX-001,GLBX-1-169,MARKET,SELL,1,GTC,False,False,1,TAKER,6672.0,0.0,['0.00 USD'],NO_TRIGGER,FILLED,NO_CONTINGENCY,,,,MY_GENERIC_ALGO,,O-20260309-004042-001-000-169,,f451014d-d216-4175-b2be-bf271077d302,2026-03-09 00:40:42.903846216+00:00,2026-03-09 00:40:42.903846216+00:00
BACKTESTER-001,OracleStrategy-000,MESM6.GLBX,GLBX-1-170,MESM6.GLBX-OracleStrategy-000,GLBX-001,GLBX-1-170,MARKET,BUY,1,GTC,True,False,1,TAKER,6670.75,0.0,['0.00 USD'],NO_TRIGGER,FILLED,NO_CONTINGENCY,,,,MY_GENERIC_ALGO,,O-20260309-004234-001-000-170,,86b2f516-55ad-47ee-817c-2899d5c1de07,2026-03-09 00:42:34.508592007+00:00,2026-03-09 00:42:34.508592007+00:00
BACKTESTER-001,OracleStrategy-000,MESM6.GLBX,GLBX-1-171,MESM6.GLBX-OracleStrategy-000,GLBX-001,GLBX-1-171,MARKET,BUY,1,GTC,False,False,1,TAKER,6670.75,0.0,['0.00 USD'],NO_TRIGGER,FILLED,NO_CONTINGENCY,,,,MY_GENERIC_ALGO,,O-20260309-004234-001-000-171,,f9a51121-ad6e-4eba-a7a7-3331080a44a1,2026-03-09 00:42:34.508592007+00:00,2026-03-09 00:42:34.508592007+00:00
BACKTESTER-001,OracleStrategy-000,MESM6.GLBX,GLBX-1-172,MESM6.GLBX-OracleStrategy-000,GLBX-001,GLBX-1-172,MARKET,SELL,1,GTC,True,False,1,TAKER,6670.25,0.0,['0.00 USD'],NO_TRIGGER,FILLED,NO_CONTINGENCY,,,,MY_GENERIC_ALGO,,O-20260309-004244-001-000-172,,433a7d68-5bbb-40d0-82e1-ff0a6ba34027,2026-03-09 00:42:44.018888314+00:00,2026-03-09 00:42:44.018888314+00:00
BACKTESTER-001,OracleStrategy-000,MESM6.GLBX,GLBX-1-173,MESM6.GLBX-OracleStrategy-000,GLBX-001,GLBX-1-173,MARKET,SELL,1,GTC,False,False,1,TAKER,6670.25,0.0,['0.00 USD'],NO_TRIGGER,FILLED,NO_CONTINGENCY,,,,MY_GENERIC_ALGO,,O-20260309-004244-001-000-173,,1c181623-8733-493e-b477-f8b209a2461a,2026-03-09 00:42:44.018888314+00:00,2026-03-09 00:42:44.018888314+00:00
BACKTESTER-001,OracleStrategy-000,MESM6.GLBX,GLBX-1-174,MESM6.GLBX-OracleStrategy-000,GLBX-001,GLBX-1-174,MARKET,BUY,1,GTC,True,False,1,TAKER,6670.75,0.0,['0.00 USD'],NO_TRIGGER,FILLED,NO_CONTINGENCY,,,,MY_GENERIC_ALGO,,O-20260309-004255-001-000-174,,798d3e01-4dbb-4d39-9980-dd75c6e18722,2026-03-09 00:42:55.454066005+00:00,2026-03-09 00:42:55.454066005+00:00
BACKTESTER-001,OracleStrategy-000,MESM6.GLBX,GLBX-1-175,MESM6.GLBX-OracleStrategy-000,GLBX-001,GLBX-1-175,MARKET,BUY,1,GTC,False,False,1,TAKER,6670.75,0.0,['0.00 USD'],NO_TRIGGER,FILLED,NO_CONTINGENCY,,,,MY_GENERIC_ALGO,,O-20260309-004255-001-000-175,,9e90c8b9-6090-494d-9924-4a7b52f1429c,2026-03-09 00:42:55.454066005+00:00,2026-03-09 00:42:55.454066005+00:00
BACKTESTER-001,OracleStrategy-000,MESM6.GLBX,GLBX-1-176,MESM6.GLBX-OracleStrategy-000,GLBX-001,GLBX-1-176,MARKET,SELL,1,GTC,True,False,1,TAKER,6669.75,0.0,['0.00 USD'],NO_TRIGGER,FILLED,NO_CONTINGENCY,,,,MY_GENERIC_ALGO,,O-20260309-004303-001-000-176,,feda04e7-ee91-43c9-a796-bf9433d0db04,2026-03-09 00:43:03.416900427+00:00,2026-03-09 00:43:03.416900427+00:00
BACKTESTER-001,OracleStrategy-000,MESM6.GLBX,GLBX-1-177,MESM6.GLBX-OracleStrategy-000,GLBX-001,GLBX-1-177,MARKET,SELL,1,GTC,False,False,1,TAKER,6669.75,0.0,['0.00 USD'],NO_TRIGGER,FILLED,NO_CONTINGENCY,,,,MY_GENERIC_ALGO,,O-20260309-004303-001-000-177,,ea938830-ee58-4bb6-bbbe-fabe5dbfed3c,2026-03-09 00:43:03.416900427+00:00,2026-03-09 00:43:03.416900427+00:00
BACKTESTER-001,OracleStrategy-000,MESM6.GLBX,GLBX-1-178,MESM6.GLBX-OracleStrategy-000,GLBX-001,GLBX-1-178,MARKET,BUY,1,GTC,True,False,1,TAKER,6670.0,0.0,['0.00 USD'],NO_TRIGGER,FILLED,NO_CONTINGENCY,,,,MY_GENERIC_ALGO,,O-20260309-004306-001-000-178,,1e4fd7d5-f5e5-40fc-bac1-9076677f8aeb,2026-03-09 00:43:06.405871139+00:00,2026-03-09 00:43:06.405871139+00:00
BACKTESTER-001,OracleStrategy-000,MESM6.GLBX,GLBX-1-179,MESM6.GLBX-OracleStrategy-000,GLBX-001,GLBX-1-179,MARKET,BUY,1,GTC,False,False,1,TAKER,6670.0,0.0,['0.00 USD'],NO_TRIGGER,FILLED,NO_CONTINGENCY,,,,MY_GENERIC_ALGO,,O-20260309-004306-001-000-179,,9c5f1ca7-a8ba-4f8f-989b-bb28135baf03,2026-03-09 00:43:06.405871139+00:00,2026-03-09 00:43:06.405871139+00:00
BACKTESTER-001,OracleStrategy-000,MESM6.GLBX,GLBX-1-180,MESM6.GLBX-OracleStrategy-000,GLBX-001,GLBX-1-180,MARKET,SELL,1,GTC,True,False,1,TAKER,6668.5,0.0,['0.00 USD'],NO_TRIGGER,FILLED,NO_CONTINGENCY,,,,MY_GENERIC_ALGO,,O-20260309-004319-001-000-180,,3a643c90-d87b-4269-9612-7ff3c1b9eb73,2026-03-09 00:43:19.099777408+00:00,2026-03-09 00:43:19.099777408+00:00
BACKTESTER-001,OracleStrategy-000,MESM6.GLBX,GLBX-1-181,MESM6.GLBX-OracleStrategy-000,GLBX-001,GLBX-1-181,MARKET,SELL,1,GTC,False,False,1,TAKER,6668.5,0.0,['0.00 USD'],NO_TRIGGER,FILLED,NO_CONTINGENCY,,,,MY_GENERIC_ALGO,,O-20260309-004319-001-000-181,,91473015-db92-4e00-9ae0-e86d7aab3c4e,2026-03-09 00:43:19.099777408+00:00,2026-03-09 00:43:19.099777408+00:00
BACKTESTER-001,OracleStrategy-000,MESM6.GLBX,GLBX-1-182,MESM6.GLBX-OracleStrategy-000,GLBX-001,GLBX-1-182,MARKET,BUY,1,GTC,True,False,1,TAKER,6668.5,0.0,['0.00 USD'],NO_TRIGGER,FILLED,NO_CONTINGENCY,,,,MY_GENERIC_ALGO,,O-20260309-004326-001-000-182,,6326d760-b8b1-4057-85da-ec35a237b585,2026-03-09 00:43:26.617765778+00:00,2026-03-09 00:43:26.617765778+00:00
BACKTESTER-001,OracleStrategy-000,MESM6.GLBX,GLBX-1-183,MESM6.GLBX-OracleStrategy-000,GLBX-001,GLBX-1-183,MARKET,BUY,1,GTC,False,False,1,TAKER,6668.5,0.0,['0.00 USD'],NO_TRIGGER,FILLED,NO_CONTINGENCY,,,,MY_GENERIC_ALGO,,O-20260309-004326-001-000-183,,b68b1b50-4d2e-42e9-84de-fe33dfb553bc,2026-03-09 00:43:26.617765778+00:00,2026-03-09 00:43:26.617765778+00:00
BACKTESTER-001,OracleStrategy-000,MESM6.GLBX,GLBX-1-184,MESM6.GLBX-OracleStrategy-000,GLBX-001,GLBX-1-184,MARKET,SELL,1,GTC,True,False,1,TAKER,6668.0,0.0,['0.00 USD'],NO_TRIGGER,FILLED,NO_CONTINGENCY,,,,MY_GENERIC_ALGO,,O-20260309-004343-001-000-184,,a6aa2513-5fe7-4490-a0e3-3e9992dd35ae,2026-03-09 00:43:43.348890245+00:00,2026-03-09 00:43:43.348890245+00:00
BACKTESTER-001,OracleStrategy-000,MESM6.GLBX,GLBX-1-185,MESM6.GLBX-OracleStrategy-000,GLBX-001,GLBX-1-185,MARKET,SELL,1,GTC,False,False,1,TAKER,6668.0,0.0,['0.00 USD'],NO_TRIGGER,FILLED,NO_CONTINGENCY,,,,MY_GENERIC_ALGO,,O-20260309-004343-001-000-185,,6a3f8967-0ef1-453c-9ec5-21e04b87c5a8,2026-03-09 00:43:43.348890245+00:00,2026-03-09 00:43:43.348890245+00:00
BACKTESTER-001,OracleStrategy-000,MESM6.GLBX,GLBX-1-186,MESM6.GLBX-OracleStrategy-000,GLBX-001,GLBX-1-186,MARKET,BUY,1,GTC,True,False,1,TAKER,6669.0,0.0,['0.00 USD'],NO_TRIGGER,FILLED,NO_CONTINGENCY,,,,MY_GENERIC_ALGO,,O-20260309-004431-001-000-186,,1ba751a8-476d-47f3-811c-ffcc7d93dd76,2026-03-09 00:44:31.641361123+00:00,2026-03-09 00:44:31.641361123+00:00
BACKTESTER-001,OracleStrategy-000,MESM6.GLBX,GLBX-1-187,MESM6.GLBX-OracleStrategy-000,GLBX-001,GLBX-1-187,MARKET,BUY,1,GTC,False,False,1,TAKER,6669.0,0.0,['0.00 USD'],NO_TRIGGER,FILLED,NO_CONTINGENCY,,,,MY_GENERIC_ALGO,,O-20260309-004431-001-000-187,,12f0c0a9-6dfb-40c1-be0e-509c059426ad,2026-03-09 00:44:31.641361123+00:00,2026-03-09 00:44:31.641361123+00:00
BACKTESTER-001,OracleStrategy-000,MESM6.GLBX,GLBX-1-188,MESM6.GLBX-OracleStrategy-000,GLBX-001,GLBX-1-188,MARKET,SELL,1,GTC,True,False,1,TAKER,6667.25,0.0,['0.00 USD'],NO_TRIGGER,FILLED,NO_CONTINGENCY,,,,MY_GENERIC_ALGO,,O-20260309-004511-001-000-188,,8d052dbf-13a3-4f79-902d-1583ba350168,2026-03-09 00:45:11.029540847+00:00,2026-03-09 00:45:11.029540847+00:00
BACKTESTER-001,OracleStrategy-000,MESM6.GLBX,GLBX-1-189,MESM6.GLBX-OracleStrategy-000,GLBX-001,GLBX-1-189,MARKET,SELL,1,GTC,False,False,1,TAKER,6667.25,0.0,['0.00 USD'],NO_TRIGGER,FILLED,NO_CONTINGENCY,,,,MY_GENERIC_ALGO,,O-20260309-004511-001-000-189,,e5670b61-e099-4ca7-b768-35d976864e3c,2026-03-09 00:45:11.029540847+00:00,2026-03-09 00:45:11.029540847+00:00
BACKTESTER-001,OracleStrategy-000,MESM6.GLBX,GLBX-1-190,MESM6.GLBX-OracleStrategy-000,GLBX-001,GLBX-1-190,MARKET,BUY,1,GTC,True,False,1,TAKER,6666.5,0.0,['0.00 USD'],NO_TRIGGER,FILLED,NO_CONTINGENCY,,,,MY_GENERIC_ALGO,,O-20260309-004546-001-000-190,,e39de7b8-f8f9-41fb-94ff-f50f09309c9f,2026-03-09 00:45:46.215648074+00:00,2026-03-09 00:45:46.215648074+00:00
BACKTESTER-001,OracleStrategy-000,MESM6.GLBX,GLBX-1-191,MESM6.GLBX-OracleStrategy-000,GLBX-001,GLBX-1-191,MARKET,BUY,1,GTC,False,False,1,TAKER,6666.5,0.0,['0.00 USD'],NO_TRIGGER,FILLED,NO_CONTINGENCY,,,,MY_GENERIC_ALGO,,O-20260309-004546-001-000-191,,83c34707-6ea5-496b-b944-a284f302cf00,2026-03-09 00:45:46.215648074+00:00,2026-03-09 00:45:46.215648074+00:00
BACKTESTER-001,OracleStrategy-000,MESM6.GLBX,GLBX-1-192,MESM6.GLBX-OracleStrategy-000,GLBX-001,GLBX-1-192,MARKET,SELL,1,GTC,True,False,1,TAKER,6668.75,0.0,['0.00 USD'],NO_TRIGGER,FILLED,NO_CONTINGENCY,,,,MY_GENERIC_ALGO,,O-20260309-004605-001-000-192,,0c2de9af-6374-41a1-abdb-34e3cc40d6b7,2026-03-09 00:46:05.516278179+00:00,2026-03-09 00:46:05.516278179+00:00
BACKTESTER-001,OracleStrategy-000,MESM6.GLBX,GLBX-1-193,MESM6.GLBX-OracleStrategy-000,GLBX-001,GLBX-1-193,MARKET,SELL,1,GTC,False,False,1,TAKER,6668.75,0.0,['0.00 USD'],NO_TRIGGER,FILLED,NO_CONTINGENCY,,,,MY_GENERIC_ALGO,,O-20260309-004605-001-000-193,,fed8a6d2-4862-4b77-bf0d-4b14610b4b4d,2026-03-09 00:46:05.516278179+00:00,2026-03-09 00:46:05.516278179+00:00
BACKTESTER-001,OracleStrategy-000,MESM6.GLBX,GLBX-1-194,MESM6.GLBX-OracleStrategy-000,GLBX-001,GLBX-1-194,MARKET,BUY,1,GTC,True,False,1,TAKER,6668.25,0.0,['0.00 USD'],NO_TRIGGER,FILLED,NO_CONTINGENCY,,,,MY_GENERIC_ALGO,,O-20260309-004727-001-000-194,,0dc4351c-57da-4dee-89b7-fab34a2075fc,2026-03-09 00:47:27.155310380+00:00,2026-03-09 00:47:27.155310380+00:00
BACKTESTER-001,OracleStrategy-000,MESM6.GLBX,GLBX-1-195,MESM6.GLBX-OracleStrategy-000,GLBX-001,GLBX-1-195,MARKET,BUY,1,GTC,False,False,1,TAKER,6668.25,0.0,['0.00 USD'],NO_TRIGGER,FILLED,NO_CONTINGENCY,,,,MY_GENERIC_ALGO,,O-20260309-004727-001-000-195,,5515d7aa-c8a0-4f4c-9293-ce6e5c28cf0a,2026-03-09 00:47:27.155310380+00:00,2026-03-09 00:47:27.155310380+00:00
BACKTESTER-001,OracleStrategy-000,MESM6.GLBX,GLBX-1-196,MESM6.GLBX-OracleStrategy-000,GLBX-001,GLBX-1-196,MARKET,SELL,1,GTC,True,False,1,TAKER,6665.75,0.0,['0.00 USD'],NO_TRIGGER,FILLED,NO_CONTINGENCY,,,,MY_GENERIC_ALGO,,O-20260309-004800-001-000-196,,3ffb5a8d-d3ad-4b77-95af-d461bf0d2ba3,2026-03-09 00:48:00.885608973+00:00,2026-03-09 00:48:00.885608973+00:00
BACKTESTER-001,OracleStrategy-000,MESM6.GLBX,GLBX-1-197,MESM6.GLBX-OracleStrategy-000,GLBX-001,GLBX-1-197,MARKET,SELL,1,GTC,False,False,1,TAKER,6665.75,0.0,['0.00 USD'],NO_TRIGGER,FILLED,NO_CONTINGENCY,,,,MY_GENERIC_ALGO,,O-20260309-004800-001-000-197,,8545562d-0079-4884-a5ba-fc73c2bfb190,2026-03-09 00:48:00.885608973+00:00,2026-03-09 00:48:00.885608973+00:00
BACKTESTER-001,OracleStrategy-000,MESM6.GLBX,GLBX-1-198,MESM6.GLBX-OracleStrategy-000,GLBX-001,GLBX-1-198,MARKET,BUY,1,GTC,True,False,1,TAKER,6664.0,0.0,['0.00 USD'],NO_TRIGGER,FILLED,NO_CONTINGENCY,,,,MY_GENERIC_ALGO,,O-20260309-004808-001-000-198,,4541f0ae-1ef7-45e9-824c-d2bb3090e3a5,2026-03-09 00:48:08.283359862+00:00,2026-03-09 00:48:08.283359862+00:00
BACKTESTER-001,OracleStrategy-000,MESM6.GLBX,GLBX-1-199,MESM6.GLBX-OracleStrategy-000,GLBX-001,GLBX-1-199,MARKET,BUY,1,GTC,False,False,1,TAKER,6664.0,0.0,['0.00 USD'],NO_TRIGGER,FILLED,NO_CONTINGENCY,,,,MY_GENERIC_ALGO,,O-20260309-004808-001-000-199,,bb68c372-bb1b-4b69-bbfc-44e3eb8e90df,2026-03-09 00:48:08.283359862+00:00,2026-03-09 00:48:08.283359862+00:00
BACKTESTER-001,OracleStrategy-000,MESM6.GLBX,GLBX-1-200,MESM6.GLBX-OracleStrategy-000,GLBX-001,GLBX-1-200,MARKET,SELL,1,GTC,True,False,1,TAKER,6667.0,0.0,['0.00 USD'],NO_TRIGGER,FILLED,NO_CONTINGENCY,,,,MY_GENERIC_ALGO,,O-20260309-004848-001-000-200,,cc8ceff3-d0a8-47ba-bb71-0e8af86a0ceb,2026-03-09 00:48:48.029226091+00:00,2026-03-09 00:48:48.029226091+00:00
BACKTESTER-001,OracleStrategy-000,MESM6.GLBX,GLBX-1-201,MESM6.GLBX-OracleStrategy-000,GLBX-001,GLBX-1-201,MARKET,SELL,1,GTC,False,False,1,TAKER,6667.0,0.0,['0.00 USD'],NO_TRIGGER,FILLED,NO_CONTINGENCY,,,,MY_GENERIC_ALGO,,O-20260309-004848-001-000-201,,814ecb77-b3a9-4df2-a93b-2fa1454a1960,2026-03-09 00:48:48.029226091+00:00,2026-03-09 00:48:48.029226091+00:00
BACKTESTER-001,OracleStrategy-000,MESM6.GLBX,GLBX-1-202,MESM6.GLBX-OracleStrategy-000,GLBX-001,GLBX-1-202,MARKET,BUY,1,GTC,True,False,1,TAKER,6669.0,0.0,['0.00 USD'],NO_TRIGGER,FILLED,NO_CONTINGENCY,,,,MY_GENERIC_ALGO,,O-20260309-004954-001-000-202,,c0f6d800-7a3c-4286-b54c-c39110913c05,2026-03-09 00:49:54.333502+00:00,2026-03-09 00:49:54.333502+00:00
BACKTESTER-001,OracleStrategy-000,MESM6.GLBX,GLBX-1-203,MESM6.GLBX-OracleStrategy-000,GLBX-001,GLBX-1-203,MARKET,BUY,1,GTC,False,False,1,TAKER,6669.0,0.0,['0.00 USD'],NO_TRIGGER,FILLED,NO_CONTINGENCY,,,,MY_GENERIC_ALGO,,O-20260309-004954-001-000-203,,e159d821-0d1a-43f2-b791-de5f20d0ea26,2026-03-09 00:49:54.333502+00:00,2026-03-09 00:49:54.333502+00:00
BACKTESTER-001,OracleStrategy-000,MESM6.GLBX,GLBX-1-204,MESM6.GLBX-OracleStrategy-000,GLBX-001,GLBX-1-204,MARKET,SELL,1,GTC,True,False,1,TAKER,6668.0,0.0,['0.00 USD'],NO_TRIGGER,FILLED,NO_CONTINGENCY,,,,MY_GENERIC_ALGO,,O-20260309-005026-001-000-204,,cd36cb56-4402-4a8e-ad10-0c8e45aea21a,2026-03-09 00:50:26.880267551+00:00,2026-03-09 00:50:26.880267551+00:00
BACKTESTER-001,OracleStrategy-000,MESM6.GLBX,GLBX-1-205,MESM6.GLBX-OracleStrategy-000,GLBX-001,GLBX-1-205,MARKET,SELL,1,GTC,False,False,1,TAKER,6668.0,0.0,['0.00 USD'],NO_TRIGGER,FILLED,NO_CONTINGENCY,,,,MY_GENERIC_ALGO,,O-20260309-005026-001-000-205,,488e991f-ea6e-424b-8627-d6101d0f2331,2026-03-09 00:50:26.880267551+00:00,2026-03-09 00:50:26.880267551+00:00
BACKTESTER-001,OracleStrategy-000,MESM6.GLBX,GLBX-1-206,MESM6.GLBX-OracleStrategy-000,GLBX-001,GLBX-1-206,MARKET,BUY,1,GTC,True,False,1,TAKER,6668.5,0.0,['0.00 USD'],NO_TRIGGER,FILLED,NO_CONTINGENCY,,,,MY_GENERIC_ALGO,,O-20260309-005047-001-000-206,,13f7124d-68f3-424a-9a28-deca28bcfd04,2026-03-09 00:50:47.585279547+00:00,2026-03-09 00:50:47.585279547+00:00
BACKTESTER-001,OracleStrategy-000,MESM6.GLBX,GLBX-1-207,MESM6.GLBX-OracleStrategy-000,GLBX-001,GLBX-1-207,MARKET,BUY,1,GTC,False,False,1,TAKER,6668.5,0.0,['0.00 USD'],NO_TRIGGER,FILLED,NO_CONTINGENCY,,,,MY_GENERIC_ALGO,,O-20260309-005047-001-000-207,,c12d6290-3b4d-4e73-8689-18f42f90faff,2026-03-09 00:50:47.585279547+00:00,2026-03-09 00:50:47.585279547+00:00
BACKTESTER-001,OracleStrategy-000,MESM6.GLBX,GLBX-1-208,MESM6.GLBX-OracleStrategy-000,GLBX-001,GLBX-1-208,MARKET,SELL,1,GTC,True,False,1,TAKER,6667.75,0.0,['0.00 USD'],NO_TRIGGER,FILLED,NO_CONTINGENCY,,,,MY_GENERIC_ALGO,,O-20260309-005119-001-000-208,,22842793-7926-498b-bf31-ce0766ce20d8,2026-03-09 00:51:19.856277477+00:00,2026-03-09 00:51:19.856277477+00:00
BACKTESTER-001,OracleStrategy-000,MESM6.GLBX,GLBX-1-209,MESM6.GLBX-OracleStrategy-000,GLBX-001,GLBX-1-209,MARKET,SELL,1,GTC,False,False,1,TAKER,6667.75,0.0,['0.00 USD'],NO_TRIGGER,FILLED,NO_CONTINGENCY,,,,MY_GENERIC_ALGO,,O-20260309-005119-001-000-209,,81c47b2b-27db-45f1-94df-79fcd767d0a6,2026-03-09 00:51:19.856277477+00:00,2026-03-09 00:51:19.856277477+00:00
BACKTESTER-001,OracleStrategy-000,MESM6.GLBX,GLBX-1-210,MESM6.GLBX-OracleStrategy-000,GLBX-001,GLBX-1-210,MARKET,BUY,1,GTC,True,False,1,TAKER,6666.75,0.0,['0.00 USD'],NO_TRIGGER,FILLED,NO_CONTINGENCY,,,,MY_GENERIC_ALGO,,O-20260309-005235-001-000-210,,3dc67e75-cbcf-4d44-8969-913159bb2f3a,2026-03-09 00:52:35.590197303+00:00,2026-03-09 00:52:35.590197303+00:00
BACKTESTER-001,OracleStrategy-000,MESM6.GLBX,GLBX-1-211,MESM6.GLBX-OracleStrategy-000,GLBX-001,GLBX-1-211,MARKET,BUY,1,GTC,False,False,1,TAKER,6666.75,0.0,['0.00 USD'],NO_TRIGGER,FILLED,NO_CONTINGENCY,,,,MY_GENERIC_ALGO,,O-20260309-005235-001-000-211,,a7505b82-3cb0-4f79-9d97-a546d135f91d,2026-03-09 00:52:35.590197303+00:00,2026-03-09 00:52:35.590197303+00:00
BACKTESTER-001,OracleStrategy-000,MESM6.GLBX,GLBX-1-212,MESM6.GLBX-OracleStrategy-000,GLBX-001,GLBX-1-212,MARKET,SELL,1,GTC,True,False,1,TAKER,6665.25,0.0,['0.00 USD'],NO_TRIGGER,FILLED,NO_CONTINGENCY,,,,MY_GENERIC_ALGO,,O-20260309-005355-001-000-212,,32f7eec3-ea4e-4b2d-9fee-5945453adbd9,2026-03-09 00:53:55.331714303+00:00,2026-03-09 00:53:55.331714303+00:00
BACKTESTER-001,OracleStrategy-000,MESM6.GLBX,GLBX-1-213,MESM6.GLBX-OracleStrategy-000,GLBX-001,GLBX-1-213,MARKET,SELL,1,GTC,False,False,1,TAKER,6665.25,0.0,['0.00 USD'],NO_TRIGGER,FILLED,NO_CONTINGENCY,,,,MY_GENERIC_ALGO,,O-20260309-005355-001-000-213,,5e4b524a-dbd5-4d10-a940-4dc4e536d217,2026-03-09 00:53:55.331714303+00:00,2026-03-09 00:53:55.331714303+00:00
BACKTESTER-001,OracleStrategy-000,MESM6.GLBX,GLBX-1-214,MESM6.GLBX-OracleStrategy-000,GLBX-001,GLBX-1-214,MARKET,BUY,1,GTC,True,False,1,TAKER,6666.75,0.0,['0.00 USD'],NO_TRIGGER,FILLED,NO_CONTINGENCY,,,,MY_GENERIC_ALGO,,O-20260309-005358-001-000-214,,28d3f6b1-3e68-4ca0-96fa-69a9fb062820,2026-03-09 00:53:58.271327013+00:00,2026-03-09 00:53:58.271327013+00:00
BACKTESTER-001,OracleStrategy-000,MESM6.GLBX,GLBX-1-215,MESM6.GLBX-OracleStrategy-000,GLBX-001,GLBX-1-215,MARKET,BUY,1,GTC,False,False,1,TAKER,6666.75,0.0,['0.00 USD'],NO_TRIGGER,FILLED,NO_CONTINGENCY,,,,MY_GENERIC_ALGO,,O-20260309-005358-001-000-215,,97f2c309-4e38-4907-b647-d0ab60356078,2026-03-09 00:53:58.271327013+00:00,2026-03-09 00:53:58.271327013+00:00
BACKTESTER-001,OracleStrategy-000,MESM6.GLBX,GLBX-1-216,MESM6.GLBX-OracleStrategy-000,GLBX-001,GLBX-1-216,MARKET,SELL,1,GTC,True,False,1,TAKER,6666.5,0.0,['0.00 USD'],NO_TRIGGER,FILLED,NO_CONTINGENCY,,,,MY_GENERIC_ALGO,,O-20260309-005400-001-000-216,,2b9ef820-bf69-4f67-8d99-aac4b448a768,2026-03-09 00:54:00.097276477+00:00,2026-03-09 00:54:00.097276477+00:00
BACKTESTER-001,OracleStrategy-000,MESM6.GLBX,GLBX-1-217,MESM6.GLBX-OracleStrategy-000,GLBX-001,GLBX-1-217,MARKET,SELL,1,GTC,False,False,1,TAKER,6666.5,0.0,['0.00 USD'],NO_TRIGGER,FILLED,NO_CONTINGENCY,,,,MY_GENERIC_ALGO,,O-20260309-005400-001-000-217,,81d39ffb-5a3a-4e88-a1a1-88163a7424d2,2026-03-09 00:54:00.097276477+00:00,2026-03-09 00:54:00.097276477+00:00
BACKTESTER-001,OracleStrategy-000,MESM6.GLBX,GLBX-1-218,MESM6.GLBX-OracleStrategy-000,GLBX-001,GLBX-1-218,MARKET,BUY,1,GTC,True,False,1,TAKER,6665.5,0.0,['0.00 USD'],NO_TRIGGER,FILLED,NO_CONTINGENCY,,,,MY_GENERIC_ALGO,,O-20260309-005424-001-000-218,,37737c75-1d99-4370-be90-006006ae2d01,2026-03-09 00:54:24.425834877+00:00,2026-03-09 00:54:24.425834877+00:00
BACKTESTER-001,OracleStrategy-000,MESM6.GLBX,GLBX-1-219,MESM6.GLBX-OracleStrategy-000,GLBX-001,GLBX-1-219,MARKET,BUY,1,GTC,False,False,1,TAKER,6665.5,0.0,['0.00 USD'],NO_TRIGGER,FILLED,NO_CONTINGENCY,,,,MY_GENERIC_ALGO,,O-20260309-005424-001-000-219,,0f878185-1a9f-4fe6-b96f-e3632626d6c8,2026-03-09 00:54:24.425834877+00:00,2026-03-09 00:54:24.425834877+00:00
BACKTESTER-001,OracleStrategy-000,MESM6.GLBX,GLBX-1-220,MESM6.GLBX-OracleStrategy-000,GLBX-001,GLBX-1-220,MARKET,SELL,1,GTC,True,False,1,TAKER,6664.0,0.0,['0.00 USD'],NO_TRIGGER,FILLED,NO_CONTINGENCY,,,,MY_GENERIC_ALGO,,O-20260309-005432-001-000-220,,9173f77b-e867-4225-83f8-62215c38e4da,2026-03-09 00:54:32.693098850+00:00,2026-03-09 00:54:32.693098850+00:00
BACKTESTER-001,OracleStrategy-000,MESM6.GLBX,GLBX-1-221,MESM6.GLBX-OracleStrategy-000,GLBX-001,GLBX-1-221,MARKET,SELL,1,GTC,False,False,1,TAKER,6664.0,0.0,['0.00 USD'],NO_TRIGGER,FILLED,NO_CONTINGENCY,,,,MY_GENERIC_ALGO,,O-20260309-005432-001-000-221,,0c514c1d-b827-4ea8-8a43-66b01c6539cd,2026-03-09 00:54:32.693098850+00:00,2026-03-09 00:54:32.693098850+00:00
BACKTESTER-001,OracleStrategy-000,MESM6.GLBX,GLBX-1-222,MESM6.GLBX-OracleStrategy-000,GLBX-001,GLBX-1-222,MARKET,BUY,1,GTC,True,False,1,TAKER,6664.75,0.0,['0.00 USD'],NO_TRIGGER,FILLED,NO_CONTINGENCY,,,,MY_GENERIC_ALGO,,O-20260309-005440-001-000-222,,de968faa-4af9-44af-8ff9-436a2f3ac523,2026-03-09 00:54:40.336644658+00:00,2026-03-09 00:54:40.336644658+00:00
BACKTESTER-001,OracleStrategy-000,MESM6.GLBX,GLBX-1-223,MESM6.GLBX-OracleStrategy-000,GLBX-001,GLBX-1-223,MARKET,BUY,1,GTC,False,False,1,TAKER,6664.75,0.0,['0.00 USD'],NO_TRIGGER,FILLED,NO_CONTINGENCY,,,,MY_GENERIC_ALGO,,O-20260309-005440-001-000-223,,cbc68d9a-5739-4c69-9423-ab04a893d2eb,2026-03-09 00:54:40.336644658+00:00,2026-03-09 00:54:40.336644658+00:00
BACKTESTER-001,OracleStrategy-000,MESM6.GLBX,GLBX-1-224,MESM6.GLBX-OracleStrategy-000,GLBX-001,GLBX-1-224,MARKET,SELL,1,GTC,True,False,1,TAKER,6663.0,0.0,['0.00 USD'],NO_TRIGGER,FILLED,NO_CONTINGENCY,,,,MY_GENERIC_ALGO,,O-20260309-005444-001-000-224,,47ba4720-4275-49f2-89e5-264d6d4c1f3f,2026-03-09 00:54:44.185663331+00:00,2026-03-09 00:54:44.185663331+00:00
BACKTESTER-001,OracleStrategy-000,MESM6.GLBX,GLBX-1-225,MESM6.GLBX-OracleStrategy-000,GLBX-001,GLBX-1-225,MARKET,SELL,1,GTC,False,False,1,TAKER,6663.0,0.0,['0.00 USD'],NO_TRIGGER,FILLED,NO_CONTINGENCY,,,,MY_GENERIC_ALGO,,O-20260309-005444-001-000-225,,069f8b64-ddab-4571-bc37-477512800c56,2026-03-09 00:54:44.185663331+00:00,2026-03-09 00:54:44.185663331+00:00
BACKTESTER-001,OracleStrategy-000,MESM6.GLBX,GLBX-1-226,MESM6.GLBX-OracleStrategy-000,GLBX-001,GLBX-1-226,MARKET,BUY,1,GTC,True,False,1,TAKER,6662.75,0.0,['0.00 USD'],NO_TRIGGER,FILLED,NO_CONTINGENCY,,,,MY_GENERIC_ALGO,,O-20260309-005609-001-000-226,,82a74135-6897-412d-bca1-55a4858c1bb9,2026-03-09 00:56:09.505056168+00:00,2026-03-09 00:56:09.505056168+00:00
BACKTESTER-001,OracleStrategy-000,MESM6.GLBX,GLBX-1-227,MESM6.GLBX-OracleStrategy-000,GLBX-001,GLBX-1-227,MARKET,BUY,1,GTC,False,False,1,TAKER,6662.75,0.0,['0.00 USD'],NO_TRIGGER,FILLED,NO_CONTINGENCY,,,,MY_GENERIC_ALGO,,O-20260309-005609-001-000-227,,7f5e0ddd-7fd7-4807-9f30-7177d6d607a3,2026-03-09 00:56:09.505056168+00:00,2026-03-09 00:56:09.505056168+00:00
BACKTESTER-001,OracleStrategy-000,MESM6.GLBX,GLBX-1-228,MESM6.GLBX-OracleStrategy-000,GLBX-001,GLBX-1-228,MARKET,SELL,1,GTC,True,False,1,TAKER,6665.0,0.0,['0.00 USD'],NO_TRIGGER,FILLED,NO_CONTINGENCY,,,,MY_GENERIC_ALGO,,O-20260309-005809-001-000-228,,7fc46219-ca49-4e03-95bb-5935473b0e95,2026-03-09 00:58:09.789118301+00:00,2026-03-09 00:58:09.789118301+00:00
BACKTESTER-001,OracleStrategy-000,MESM6.GLBX,GLBX-1-229,MESM6.GLBX-OracleStrategy-000,GLBX-001,GLBX-1-229,MARKET,SELL,1,GTC,False,False,1,TAKER,6665.0,0.0,['0.00 USD'],NO_TRIGGER,FILLED,NO_CONTINGENCY,,,,MY_GENERIC_ALGO,,O-20260309-005809-001-000-229,,61e1fb69-e4d6-4f22-af05-ee9f88c0110e,2026-03-09 00:58:09.789118301+00:00,2026-03-09 00:58:09.789118301+00:00
BACKTESTER-001,OracleStrategy-000,MESM6.GLBX,GLBX-1-230,MESM6.GLBX-OracleStrategy-000,GLBX-001,GLBX-1-230,MARKET,BUY,1,GTC,True,False,1,TAKER,6665.5,0.0,['0.00 USD'],NO_TRIGGER,FILLED,NO_CONTINGENCY,,,,MY_GENERIC_ALGO,,O-20260309-005911-001-000-230,,9dabfa99-9dde-4998-a037-cf29aac0a19a,2026-03-09 00:59:11.066584904+00:00,2026-03-09 00:59:11.066584904+00:00
BACKTESTER-001,OracleStrategy-000,MESM6.GLBX,GLBX-1-231,MESM6.GLBX-OracleStrategy-000,GLBX-001,GLBX-1-231,MARKET,BUY,1,GTC,False,False,1,TAKER,6665.5,0.0,['0.00 USD'],NO_TRIGGER,FILLED,NO_CONTINGENCY,,,,MY_GENERIC_ALGO,,O-20260309-005911-001-000-231,,58cb2407-0102-4fc3-8c15-6302b4888c1a,2026-03-09 00:59:11.066584904+00:00,2026-03-09 00:59:11.066584904+00:00
BACKTESTER-001,OracleStrategy-000,MESM6.GLBX,GLBX-1-232,MESM6.GLBX-OracleStrategy-000,GLBX-001,GLBX-1-232,MARKET,SELL,1,GTC,True,False,1,TAKER,6668.0,0.0,['0.00 USD'],NO_TRIGGER,FILLED,NO_CONTINGENCY,,,,MY_GENERIC_ALGO,,O-20260309-005951-001-000-232,,f0842d8e-3320-41f7-8f3a-f30e206d89f4,2026-03-09 00:59:51.744654522+00:00,2026-03-09 00:59:51.744654522+00:00
BACKTESTER-001,OracleStrategy-000,MESM6.GLBX,GLBX-1-233,MESM6.GLBX-OracleStrategy-000,GLBX-001,GLBX-1-233,MARKET,SELL,1,GTC,False,False,1,TAKER,6668.0,0.0,['0.00 USD'],NO_TRIGGER,FILLED,NO_CONTINGENCY,,,,MY_GENERIC_ALGO,,O-20260309-005951-001-000-233,,552620c0-6368-4e2d-8136-42b34fd338b0,2026-03-09 00:59:51.744654522+00:00,2026-03-09 00:59:51.744654522+00:00
BACKTESTER-001,OracleStrategy-000,MESM6.GLBX,GLBX-1-234,MESM6.GLBX-OracleStrategy-000,GLBX-001,GLBX-1-234,MARKET,BUY,1,GTC,True,False,1,TAKER,6669.0,0.0,['0.00 USD'],NO_TRIGGER,FILLED,NO_CONTINGENCY,,,,MY_GENERIC_ALGO,,O-20260309-010002-001-000-234,,0d5343d0-a52f-4557-b53d-6d77fef7a750,2026-03-09 01:00:02.339644403+00:00,2026-03-09 01:00:02.339644403+00:00
BACKTESTER-001,OracleStrategy-000,MESM6.GLBX,GLBX-1-235,MESM6.GLBX-OracleStrategy-000,GLBX-001,GLBX-1-235,MARKET,BUY,1,GTC,False,False,1,TAKER,6669.0,0.0,['0.00 USD'],NO_TRIGGER,FILLED,NO_CONTINGENCY,,,,MY_GENERIC_ALGO,,O-20260309-010002-001-000-235,,739aa671-5ab4-4576-bd17-718bcddb1e1b,2026-03-09 01:00:02.339644403+00:00,2026-03-09 01:00:02.339644403+00:00
BACKTESTER-001,OracleStrategy-000,MESM6.GLBX,GLBX-1-236,MESM6.GLBX-OracleStrategy-000,GLBX-001,GLBX-1-236,MARKET,SELL,1,GTC,True,False,1,TAKER,6668.0,0.0,['0.00 USD'],NO_TRIGGER,FILLED,NO_CONTINGENCY,,,,MY_GENERIC_ALGO,,O-20260309-010034-001-000-236,,1587e451-ba84-40ee-8c89-650bca90e59d,2026-03-09 01:00:34.420876231+00:00,2026-03-09 01:00:34.420876231+00:00
BACKTESTER-001,OracleStrategy-000,MESM6.GLBX,GLBX-1-237,MESM6.GLBX-OracleStrategy-000,GLBX-001,GLBX-1-237,MARKET,SELL,1,GTC,False,False,1,TAKER,6668.0,0.0,['0.00 USD'],NO_TRIGGER,FILLED,NO_CONTINGENCY,,,,MY_GENERIC_ALGO,,O-20260309-010034-001-000-237,,68030418-30e4-4704-bbdf-1308081931db,2026-03-09 01:00:34.420876231+00:00,2026-03-09 01:00:34.420876231+00:00
BACKTESTER-001,OracleStrategy-000,MESM6.GLBX,GLBX-1-238,MESM6.GLBX-OracleStrategy-000,GLBX-001,GLBX-1-238,MARKET,BUY,1,GTC,True,False,1,TAKER,6667.5,0.0,['0.00 USD'],NO_TRIGGER,FILLED,NO_CONTINGENCY,,,,MY_GENERIC_ALGO,,O-20260309-010043-001-000-238,,3e1931b0-2183-4084-b3c4-22737455139e,2026-03-09 01:00:43.901112378+00:00,2026-03-09 01:00:43.901112378+00:00
BACKTESTER-001,OracleStrategy-000,MESM6.GLBX,GLBX-1-239,MESM6.GLBX-OracleStrategy-000,GLBX-001,GLBX-1-239,MARKET,BUY,1,GTC,False,False,1,TAKER,6667.5,0.0,['0.00 USD'],NO_TRIGGER,FILLED,NO_CONTINGENCY,,,,MY_GENERIC_ALGO,,O-20260309-010043-001-000-239,,62db3f35-3363-4765-aa37-f06506cfbe8b,2026-03-09 01:00:43.901112378+00:00,2026-03-09 01:00:43.901112378+00:00
BACKTESTER-001,OracleStrategy-000,MESM6.GLBX,GLBX-1-240,MESM6.GLBX-OracleStrategy-000,GLBX-001,GLBX-1-240,MARKET,SELL,1,GTC,True,False,1,TAKER,6667.0,0.0,['0.00 USD'],NO_TRIGGER,FILLED,NO_CONTINGENCY,,,,MY_GENERIC_ALGO,,O-20260309-010048-001-000-240,,c0343383-34ec-4d55-931d-833e03e9d14f,2026-03-09 01:00:48.157709705+00:00,2026-03-09 01:00:48.157709705+00:00
BACKTESTER-001,OracleStrategy-000,MESM6.GLBX,GLBX-1-241,MESM6.GLBX-OracleStrategy-000,GLBX-001,GLBX-1-241,MARKET,SELL,1,GTC,False,False,1,TAKER,6667.0,0.0,['0.00 USD'],NO_TRIGGER,FILLED,NO_CONTINGENCY,,,,MY_GENERIC_ALGO,,O-20260309-010048-001-000-241,,b7b3fff6-3405-4144-ac07-9fd8b25099c4,2026-03-09 01:00:48.157709705+00:00,2026-03-09 01:00:48.157709705+00:00
BACKTESTER-001,OracleStrategy-000,MESM6.GLBX,GLBX-1-242,MESM6.GLBX-OracleStrategy-000,GLBX-001,GLBX-1-242,MARKET,BUY,1,GTC,True,False,1,TAKER,6666.75,0.0,['0.00 USD'],NO_TRIGGER,FILLED,NO_CONTINGENCY,,,,MY_GENERIC_ALGO,,O-20260309-010055-001-000-242,,045aa3d9-c8fa-4053-a249-2930a779fd72,2026-03-09 01:00:55.160263491+00:00,2026-03-09 01:00:55.160263491+00:00
BACKTESTER-001,OracleStrategy-000,MESM6.GLBX,GLBX-1-243,MESM6.GLBX-OracleStrategy-000,GLBX-001,GLBX-1-243,MARKET,BUY,1,GTC,False,False,1,TAKER,6666.75,0.0,['0.00 USD'],NO_TRIGGER,FILLED,NO_CONTINGENCY,,,,MY_GENERIC_ALGO,,O-20260309-010055-001-000-243,,9ef6f57f-5958-40b9-9f0f-c49abc86de78,2026-03-09 01:00:55.160263491+00:00,2026-03-09 01:00:55.160263491+00:00
BACKTESTER-001,OracleStrategy-000,MESM6.GLBX,GLBX-1-244,MESM6.GLBX-OracleStrategy-000,GLBX-001,GLBX-1-244,MARKET,SELL,1,GTC,True,False,1,TAKER,6670.0,0.0,['0.00 USD'],NO_TRIGGER,FILLED,NO_CONTINGENCY,,,,MY_GENERIC_ALGO,,O-20260309-010134-001-000-244,,421679c3-4932-4dad-a2a2-aa041c70367a,2026-03-09 01:01:34.277157814+00:00,2026-03-09 01:01:34.277157814+00:00
BACKTESTER-001,OracleStrategy-000,MESM6.GLBX,GLBX-1-245,MESM6.GLBX-OracleStrategy-000,GLBX-001,GLBX-1-245,MARKET,SELL,1,GTC,False,False,1,TAKER,6670.0,0.0,['0.00 USD'],NO_TRIGGER,FILLED,NO_CONTINGENCY,,,,MY_GENERIC_ALGO,,O-20260309-010134-001-000-245,,69b3816c-7e1b-4990-89ad-1fea490a9551,2026-03-09 01:01:34.277157814+00:00,2026-03-09 01:01:34.277157814+00:00
BACKTESTER-001,OracleStrategy-000,MESM6.GLBX,GLBX-1-246,MESM6.GLBX-OracleStrategy-000,GLBX-001,GLBX-1-246,MARKET,BUY,1,GTC,True,False,1,TAKER,6670.0,0.0,['0.00 USD'],NO_TRIGGER,FILLED,NO_CONTINGENCY,,,,MY_GENERIC_ALGO,,O-20260309-010138-001-000-246,,34b5ad82-060a-4baa-8130-ebeb2e29b521,2026-03-09 01:01:38.117519973+00:00,2026-03-09 01:01:38.117519973+00:00
BACKTESTER-001,OracleStrategy-000,MESM6.GLBX,GLBX-1-247,MESM6.GLBX-OracleStrategy-000,GLBX-001,GLBX-1-247,MARKET,BUY,1,GTC,False,False,1,TAKER,6670.0,0.0,['0.00 USD'],NO_TRIGGER,FILLED,NO_CONTINGENCY,,,,MY_GENERIC_ALGO,,O-20260309-010138-001-000-247,,feb8bb2f-2df4-4819-b6ef-0125d3db2906,2026-03-09 01:01:38.117519973+00:00,2026-03-09 01:01:38.117519973+00:00
BACKTESTER-001,OracleStrategy-000,MESM6.GLBX,GLBX-1-248,MESM6.GLBX-OracleStrategy-000,GLBX-001,GLBX-1-248,MARKET,SELL,1,GTC,True,False,1,TAKER,6669.25,0.0,['0.00 USD'],NO_TRIGGER,FILLED,NO_CONTINGENCY,,,,MY_GENERIC_ALGO,,O-20260309-010143-001-000-248,,1c084adf-b92d-451e-9bcb-393f950f686c,2026-03-09 01:01:43.628176959+00:00,2026-03-09 01:01:43.628176959+00:00
BACKTESTER-001,OracleStrategy-000,MESM6.GLBX,GLBX-1-249,MESM6.GLBX-OracleStrategy-000,GLBX-001,GLBX-1-249,MARKET,SELL,1,GTC,False,False,1,TAKER,6669.25,0.0,['0.00 USD'],NO_TRIGGER,FILLED,NO_CONTINGENCY,,,,MY_GENERIC_ALGO,,O-20260309-010143-001-000-249,,2930a585-5e00-4bb7-b2b5-276181f90830,2026-03-09 01:01:43.628176959+00:00,2026-03-09 01:01:43.628176959+00:00
BACKTESTER-001,OracleStrategy-000,MESM6.GLBX,GLBX-1-250,MESM6.GLBX-OracleStrategy-000,GLBX-001,GLBX-1-250,MARKET,BUY,1,GTC,True,False,1,TAKER,6672.0,0.0,['0.00 USD'],NO_TRIGGER,FILLED,NO_CONTINGENCY,,,,MY_GENERIC_ALGO,,O-20260309-010229-001-000-250,,0857f72d-d1d8-4931-9fbd-a0a235365eef,2026-03-09 01:02:29.786726447+00:00,2026-03-09 01:02:29.786726447+00:00
BACKTESTER-001,OracleStrategy-000,MESM6.GLBX,GLBX-1-251,MESM6.GLBX-OracleStrategy-000,GLBX-001,GLBX-1-251,MARKET,BUY,1,GTC,False,False,1,TAKER,6672.0,0.0,['0.00 USD'],NO_TRIGGER,FILLED,NO_CONTINGENCY,,,,MY_GENERIC_ALGO,,O-20260309-010229-001-000-251,,c38f3601-f62f-46d3-a4a2-1855a16bffa8,2026-03-09 01:02:29.786726447+00:00,2026-03-09 01:02:29.786726447+00:00
BACKTESTER-001,OracleStrategy-000,MESM6.GLBX,GLBX-1-252,MESM6.GLBX-OracleStrategy-000,GLBX-001,GLBX-1-252,MARKET,SELL,1,GTC,True,False,1,TAKER,6668.0,0.0,['0.00 USD'],NO_TRIGGER,FILLED,NO_CONTINGENCY,,,,MY_GENERIC_ALGO,,O-20260309-010238-001-000-252,,c34a9124-9e0c-4f6a-91cf-faf1300aa570,2026-03-09 01:02:38.563492448+00:00,2026-03-09 01:02:38.563492448+00:00
BACKTESTER-001,OracleStrategy-000,MESM6.GLBX,GLBX-1-253,MESM6.GLBX-OracleStrategy-000,GLBX-001,GLBX-1-253,MARKET,SELL,1,GTC,False,False,1,TAKER,6668.0,0.0,['0.00 USD'],NO_TRIGGER,FILLED,NO_CONTINGENCY,,,,MY_GENERIC_ALGO,,O-20260309-010238-001-000-253,,52f07159-c8d2-460f-9646-8fac94b232dd,2026-03-09 01:02:38.563492448+00:00,2026-03-09 01:02:38.563492448+00:00
BACKTESTER-001,OracleStrategy-000,MESM6.GLBX,GLBX-1-254,MESM6.GLBX-OracleStrategy-000,GLBX-001,GLBX-1-254,MARKET,BUY,1,GTC,True,False,1,TAKER,6671.0,0.0,['0.00 USD'],NO_TRIGGER,FILLED,NO_CONTINGENCY,,,,MY_GENERIC_ALGO,,O-20260309-010246-001-000-254,,4aa93bf8-eefb-4877-9dcf-397c2bf90fdc,2026-03-09 01:02:46.105993434+00:00,2026-03-09 01:02:46.105993434+00:00
