,total,locked,free,currency,account_id,account_type,base_currency,margins,reported,info
2026-03-08 15:11:12.880611792+00:00,1000000.00,0.00,1000000.00,USD,GLBX-001,MARGIN,USD,[],True,{}
2026-03-08 22:00:00.136210549+00:00,1000000.00,0.00,1000000.00,USD,GLBX-001,MARGIN,USD,[],False,{}
2026-03-08 22:00:40.372954511+00:00,1000025.00,0.00,1000025.00,USD,GLBX-001,MARGIN,USD,[],False,{}
2026-03-08 22:00:40.372954511+00:00,1000025.00,0.00,1000025.00,USD,GLBX-001,MARGIN,USD,[],False,{}
2026-03-08 22:00:43.544532484+00:00,1000025.00,0.00,1000025.00,USD,GLBX-001,MARGIN,USD,[],False,{}
2026-03-08 22:00:43.544532484+00:00,1000025.00,0.00,1000025.00,USD,GLBX-001,MARGIN,USD,[],False,{}
2026-03-08 22:01:21.642410037+00:00,1000034.00,0.00,1000034.00,USD,GLBX-001,MARGIN,USD,[],False,{}
2026-03-08 22:01:21.642410037+00:00,1000034.00,0.00,1000034.00,USD,GLBX-001,MARGIN,USD,[],False,{}
2026-03-08 22:01:24.270974314+00:00,1000031.50,0.00,1000031.50,USD,GLBX-001,MARGIN,USD,[],False,{}
2026-03-08 22:01:24.270974314+00:00,1000031.50,0.00,1000031.50,USD,GLBX-001,MARGIN,USD,[],False,{}
2026-03-08 22:02:07.565296856+00:00,1000043.00,0.00,1000043.00,USD,GLBX-001,MARGIN,USD,[],False,{}
2026-03-08 22:02:07.565296856+00:00,1000043.00,0.00,1000043.00,USD,GLBX-001,MARGIN,USD,[],False,{}
2026-03-08 22:02:17.413527063+00:00,1000043.75,0.00,1000043.75,USD,GLBX-001,MARGIN,USD,[],False,{}
2026-03-08 22:02:17.413527063+00:00,1000043.75,0.00,1000043.75,USD,GLBX-001,MARGIN,USD,[],False,{}
2026-03-08 22:02:41.213193896+00:00,1000045.25,0.00,1000045.25,USD,GLBX-001,MARGIN,USD,[],False,{}
2026-03-08 22:02:41.213193896+00:00,1000045.25,0.00,1000045.25,USD,GLBX-001,MARGIN,USD,[],False,{}
2026-03-08 22:02:45.586807037+00:00,1000047.00,0.00,1000047.00,USD,GLBX-001,MARGIN,USD,[],False,{}
2026-03-08 22:02:45.586807037+00:00,1000047.00,0.00,1000047.00,USD,GLBX-001,MARGIN,USD,[],False,{}
2026-03-08 22:02:51.160079784+00:00,1000050.00,0.00,1000050.00,USD,GLBX-001,MARGIN,USD,[],False,{}
2026-03-08 22:02:51.160079784+00:00,1000050.00,0.00,1000050.00,USD,GLBX-001,MARGIN,USD,[],False,{}
2026-03-08 22:03:30.702788291+00:00,1000054.50,0.00,1000054.50,USD,GLBX-001,MARGIN,USD,[],False,{}
2026-03-08 22:03:30.702788291+00:00,1000054.50,0.00,1000054.50,USD,GLBX-001,MARGIN,USD,[],False,{}
2026-03-08 22:03:33.796182672+00:00,1000052.75,0.00,1000052.75,USD,GLBX-001,MARGIN,USD,[],False,{}
2026-03-08 22:03:33.796182672+00:00,1000052.75,0.00,1000052.75,USD,GLBX-001,MARGIN,USD,[],False,{}
2026-03-08 22:03:38.616748022+00:00,1000054.50,0.00,1000054.50,USD,GLBX-001,MARGIN,USD,[],False,{}
2026-03-08 22:03:38.616748022+00:00,1000054.50,0.00,1000054.50,USD,GLBX-001,MARGIN,USD,[],False,{}
2026-03-08 22:03:39.894842613+00:00,1000055.00,0.00,1000055.00,USD,GLBX-001,MARGIN,USD,[],False,{}
2026-03-08 22:03:39.894842613+00:00,1000055.00,0.00,1000055.00,USD,GLBX-001,MARGIN,USD,[],False,{}
2026-03-08 22:03:57.737283339+00:00,1000055.00,0.00,1000055.00,USD,GLBX-001,MARGIN,USD,[],False,{}
2026-03-08 22:03:57.737283339+00:00,1000055.00,0.00,1000055.00,USD,GLBX-001,MARGIN,USD,[],False,{}
2026-03-08 22:04:17.770426699+00:00,1000055.00,0.00,1000055.00,USD,GLBX-001,MARGIN,USD,[],False,{}
2026-03-08 22:04:17.770426699+00:00,1000055.00,0.00,1000055.00,USD,GLBX-001,MARGIN,USD,[],False,{}
2026-03-08 22:04:18.921533951+00:00,1000053.25,0.00,1000053.25,USD,GLBX-001,MARGIN,USD,[],False,{}
2026-03-08 22:04:18.921533951+00:00,1000053.25,0.00,1000053.25,USD,GLBX-001,MARGIN,USD,[],False,{}
2026-03-08 22:04:31.799008707+00:00,1000058.75,0.00,1000058.75,USD,GLBX-001,MARGIN,USD,[],False,{}
2026-03-08 22:04:31.799008707+00:00,1000058.75,0.00,1000058.75,USD,GLBX-001,MARGIN,USD,[],False,{}
2026-03-08 22:04:47.450960355+00:00,1000062.50,0.00,1000062.50,USD,GLBX-001,MARGIN,USD,[],False,{}
2026-03-08 22:04:47.450960355+00:00,1000062.50,0.00,1000062.50,USD,GLBX-001,MARGIN,USD,[],False,{}
2026-03-08 22:05:20.672755643+00:00,1000072.50,0.00,1000072.50,USD,GLBX-001,MARGIN,USD,[],False,{}
2026-03-08 22:05:20.672755643+00:00,1000072.50,0.00,1000072.50,USD,GLBX-001,MARGIN,USD,[],False,{}
2026-03-08 22:05:21.838041397+00:00,1000071.25,0.00,1000071.25,USD,GLBX-001,MARGIN,USD,[],False,{}
2026-03-08 22:05:21.838041397+00:00,1000071.25,0.00,1000071.25,USD,GLBX-001,MARGIN,USD,[],False,{}
2026-03-08 22:05:27.450625877+00:00,1000073.00,0.00,1000073.00,USD,GLBX-001,MARGIN,USD,[],False,{}
2026-03-08 22:05:27.450625877+00:00,1000073.00,0.00,1000073.00,USD,GLBX-001,MARGIN,USD,[],False,{}
2026-03-08 22:05:36.899160089+00:00,1000071.75,0.00,1000071.75,USD,GLBX-001,MARGIN,USD,[],False,{}
2026-03-08 22:05:36.899160089+00:00,1000071.75,0.00,1000071.75,USD,GLBX-001,MARGIN,USD,[],False,{}
2026-03-08 22:05:52.587402346+00:00,1000071.00,0.00,1000071.00,USD,GLBX-001,MARGIN,USD,[],False,{}
2026-03-08 22:05:52.587402346+00:00,1000071.00,0.00,1000071.00,USD,GLBX-001,MARGIN,USD,[],False,{}
2026-03-08 22:05:57.912930971+00:00,1000073.75,0.00,1000073.75,USD,GLBX-001,MARGIN,USD,[],False,{}
2026-03-08 22:05:57.912930971+00:00,1000073.75,0.00,1000073.75,USD,GLBX-001,MARGIN,USD,[],False,{}
2026-03-08 22:06:23.617088584+00:00,1000077.50,0.00,1000077.50,USD,GLBX-001,MARGIN,USD,[],False,{}
2026-03-08 22:06:23.617088584+00:00,1000077.50,0.00,1000077.50,USD,GLBX-001,MARGIN,USD,[],False,{}
2026-03-08 22:06:30.831709572+00:00,1000077.75,0.00,1000077.75,USD,GLBX-001,MARGIN,USD,[],False,{}
2026-03-08 22:06:30.831709572+00:00,1000077.75,0.00,1000077.75,USD,GLBX-001,MARGIN,USD,[],False,{}
2026-03-08 22:06:34.847163527+00:00,1000079.50,0.00,1000079.50,USD,GLBX-001,MARGIN,USD,[],False,{}
2026-03-08 22:06:34.847163527+00:00,1000079.50,0.00,1000079.50,USD,GLBX-001,MARGIN,USD,[],False,{}
2026-03-08 22:06:38.617316387+00:00,1000078.25,0.00,1000078.25,USD,GLBX-001,MARGIN,USD,[],False,{}
2026-03-08 22:06:38.617316387+00:00,1000078.25,0.00,1000078.25,USD,GLBX-001,MARGIN,USD,[],False,{}
2026-03-08 22:06:40.981714431+00:00,1000078.75,0.00,1000078.75,USD,GLBX-001,MARGIN,USD,[],False,{}
2026-03-08 22:06:43.474451595+00:00,1000078.75,0.00,1000078.75,USD,GLBX-001,MARGIN,USD,[],False,{}
2026-03-08 22:06:49.915777289+00:00,1000082.25,0.00,1000082.25,USD,GLBX-001,MARGIN,USD,[],False,{}
2026-03-08 22:06:49.915777289+00:00,1000082.25,0.00,1000082.25,USD,GLBX-001,MARGIN,USD,[],False,{}
2026-03-08 22:07:17.308895248+00:00,1000093.75,0.00,1000093.75,USD,GLBX-001,MARGIN,USD,[],False,{}
2026-03-08 22:07:17.308895248+00:00,1000093.75,0.00,1000093.75,USD,GLBX-001,MARGIN,USD,[],False,{}
2026-03-08 22:07:18.848923754+00:00,1000094.25,0.00,1000094.25,USD,GLBX-001,MARGIN,USD,[],False,{}
2026-03-08 22:07:18.848923754+00:00,1000094.25,0.00,1000094.25,USD,GLBX-001,MARGIN,USD,[],False,{}
2026-03-08 22:07:34.028013525+00:00,1000092.75,0.00,1000092.75,USD,GLBX-001,MARGIN,USD,[],False,{}
2026-03-08 22:07:34.028013525+00:00,1000092.75,0.00,1000092.75,USD,GLBX-001,MARGIN,USD,[],False,{}
2026-03-08 22:07:48.714067354+00:00,1000089.25,0.00,1000089.25,USD,GLBX-001,MARGIN,USD,[],False,{}
2026-03-08 22:07:48.714067354+00:00,1000089.25,0.00,1000089.25,USD,GLBX-001,MARGIN,USD,[],False,{}
2026-03-08 22:07:52.747677669+00:00,1000087.25,0.00,1000087.25,USD,GLBX-001,MARGIN,USD,[],False,{}
2026-03-08 22:07:52.747677669+00:00,1000087.25,0.00,1000087.25,USD,GLBX-001,MARGIN,USD,[],False,{}
2026-03-08 22:08:23.016090441+00:00,1000094.25,0.00,1000094.25,USD,GLBX-001,MARGIN,USD,[],False,{}
2026-03-08 22:08:23.016090441+00:00,1000094.25,0.00,1000094.25,USD,GLBX-001,MARGIN,USD,[],False,{}
2026-03-08 22:08:39.809312072+00:00,1000093.00,0.00,1000093.00,USD,GLBX-001,MARGIN,USD,[],False,{}
2026-03-08 22:08:39.809312072+00:00,1000093.00,0.00,1000093.00,USD,GLBX-001,MARGIN,USD,[],False,{}
2026-03-08 22:08:55.411551495+00:00,1000096.50,0.00,1000096.50,USD,GLBX-001,MARGIN,USD,[],False,{}
2026-03-08 22:08:55.411551495+00:00,1000096.50,0.00,1000096.50,USD,GLBX-001,MARGIN,USD,[],False,{}
2026-03-08 22:09:03.706494357+00:00,1000098.00,0.00,1000098.00,USD,GLBX-001,MARGIN,USD,[],False,{}
2026-03-08 22:09:03.706494357+00:00,1000098.00,0.00,1000098.00,USD,GLBX-001,MARGIN,USD,[],False,{}
2026-03-08 22:09:17.069366323+00:00,1000102.75,0.00,1000102.75,USD,GLBX-001,MARGIN,USD,[],False,{}
2026-03-08 22:09:17.069366323+00:00,1000102.75,0.00,1000102.75,USD,GLBX-001,MARGIN,USD,[],False,{}
2026-03-08 22:09:23.000641543+00:00,1000101.00,0.00,1000101.00,USD,GLBX-001,MARGIN,USD,[],False,{}
2026-03-08 22:09:23.000641543+00:00,1000101.00,0.00,1000101.00,USD,GLBX-001,MARGIN,USD,[],False,{}
2026-03-08 22:09:26.057937967+00:00,1000102.00,0.00,1000102.00,USD,GLBX-001,MARGIN,USD,[],False,{}
2026-03-08 22:09:26.057937967+00:00,1000102.00,0.00,1000102.00,USD,GLBX-001,MARGIN,USD,[],False,{}
2026-03-08 22:09:28.874500498+00:00,1000101.75,0.00,1000101.75,USD,GLBX-001,MARGIN,USD,[],False,{}
2026-03-08 22:09:28.874500498+00:00,1000101.75,0.00,1000101.75,USD,GLBX-001,MARGIN,USD,[],False,{}
2026-03-08 22:09:30.034441867+00:00,1000101.75,0.00,1000101.75,USD,GLBX-001,MARGIN,USD,[],False,{}
2026-03-08 22:09:30.034441867+00:00,1000101.75,0.00,1000101.75,USD,GLBX-001,MARGIN,USD,[],False,{}
2026-03-08 22:10:10.430977611+00:00,1000111.25,0.00,1000111.25,USD,GLBX-001,MARGIN,USD,[],False,{}
2026-03-08 22:10:10.430977611+00:00,1000111.25,0.00,1000111.25,USD,GLBX-001,MARGIN,USD,[],False,{}
2026-03-08 22:10:12.352934411+00:00,1000108.75,0.00,1000108.75,USD,GLBX-001,MARGIN,USD,[],False,{}
2026-03-08 22:10:12.352934411+00:00,1000108.75,0.00,1000108.75,USD,GLBX-001,MARGIN,USD,[],False,{}
2026-03-08 22:10:33.966652085+00:00,1000108.25,0.00,1000108.25,USD,GLBX-001,MARGIN,USD,[],False,{}
2026-03-08 22:10:33.966652085+00:00,1000108.25,0.00,1000108.25,USD,GLBX-001,MARGIN,USD,[],False,{}
2026-03-08 22:10:58.875395549+00:00,1000106.25,0.00,1000106.25,USD,GLBX-001,MARGIN,USD,[],False,{}
2026-03-08 22:10:58.875395549+00:00,1000106.25,0.00,1000106.25,USD,GLBX-001,MARGIN,USD,[],False,{}
2026-03-08 22:11:04.851237757+00:00,1000104.25,0.00,1000104.25,USD,GLBX-001,MARGIN,USD,[],False,{}
2026-03-08 22:11:04.851237757+00:00,1000104.25,0.00,1000104.25,USD,GLBX-001,MARGIN,USD,[],False,{}
2026-03-08 22:11:05.852709659+00:00,1000109.00,0.00,1000109.00,USD,GLBX-001,MARGIN,USD,[],False,{}
2026-03-08 22:11:05.852709659+00:00,1000109.00,0.00,1000109.00,USD,GLBX-001,MARGIN,USD,[],False,{}
2026-03-08 22:11:07.108595448+00:00,1000110.50,0.00,1000110.50,USD,GLBX-001,MARGIN,USD,[],False,{}
2026-03-08 22:11:07.108595448+00:00,1000110.50,0.00,1000110.50,USD,GLBX-001,MARGIN,USD,[],False,{}
2026-03-08 22:11:13.360012682+00:00,1000108.75,0.00,1000108.75,USD,GLBX-001,MARGIN,USD,[],False,{}
2026-03-08 22:11:13.360012682+00:00,1000108.75,0.00,1000108.75,USD,GLBX-001,MARGIN,USD,[],False,{}
2026-03-08 22:11:14.679412256+00:00,1000108.25,0.00,1000108.25,USD,GLBX-001,MARGIN,USD,[],False,{}
2026-03-08 22:11:14.679412256+00:00,1000108.25,0.00,1000108.25,USD,GLBX-001,MARGIN,USD,[],False,{}
2026-03-08 22:11:25.310552493+00:00,1000110.25,0.00,1000110.25,USD,GLBX-001,MARGIN,USD,[],False,{}
2026-03-08 22:11:25.310552493+00:00,1000110.25,0.00,1000110.25,USD,GLBX-001,MARGIN,USD,[],False,{}
2026-03-08 22:11:31.166319759+00:00,1000112.50,0.00,1000112.50,USD,GLBX-001,MARGIN,USD,[],False,{}
2026-03-08 22:11:31.166319759+00:00,1000112.50,0.00,1000112.50,USD,GLBX-001,MARGIN,USD,[],False,{}
2026-03-08 22:11:46.534671626+00:00,1000113.25,0.00,1000113.25,USD,GLBX-001,MARGIN,USD,[],False,{}
2026-03-08 22:11:46.534671626+00:00,1000113.25,0.00,1000113.25,USD,GLBX-001,MARGIN,USD,[],False,{}
2026-03-08 22:11:51.828553611+00:00,1000112.75,0.00,1000112.75,USD,GLBX-001,MARGIN,USD,[],False,{}
2026-03-08 22:11:51.828553611+00:00,1000112.75,0.00,1000112.75,USD,GLBX-001,MARGIN,USD,[],False,{}
2026-03-08 22:11:55.613286965+00:00,1000114.00,0.00,1000114.00,USD,GLBX-001,MARGIN,USD,[],False,{}
2026-03-08 22:11:55.613286965+00:00,1000114.00,0.00,1000114.00,USD,GLBX-001,MARGIN,USD,[],False,{}
2026-03-08 22:12:20.606960923+00:00,1000114.75,0.00,1000114.75,USD,GLBX-001,MARGIN,USD,[],False,{}
2026-03-08 22:12:20.606960923+00:00,1000114.75,0.00,1000114.75,USD,GLBX-001,MARGIN,USD,[],False,{}
2026-03-08 22:12:36.595547383+00:00,1000112.25,0.00,1000112.25,USD,GLBX-001,MARGIN,USD,[],False,{}
2026-03-08 22:12:36.595547383+00:00,1000112.25,0.00,1000112.25,USD,GLBX-001,MARGIN,USD,[],False,{}
2026-03-08 22:12:39.924388936+00:00,1000111.50,0.00,1000111.50,USD,GLBX-001,MARGIN,USD,[],False,{}
2026-03-08 22:12:39.924388936+00:00,1000111.50,0.00,1000111.50,USD,GLBX-001,MARGIN,USD,[],False,{}
2026-03-08 22:13:04.140026202+00:00,1000110.75,0.00,1000110.75,USD,GLBX-001,MARGIN,USD,[],False,{}
2026-03-08 22:13:04.140026202+00:00,1000110.75,0.00,1000110.75,USD,GLBX-001,MARGIN,USD,[],False,{}
2026-03-08 22:13:06.411328399+00:00,1000110.00,0.00,1000110.00,USD,GLBX-001,MARGIN,USD,[],False,{}
2026-03-08 22:13:06.411328399+00:00,1000110.00,0.00,1000110.00,USD,GLBX-001,MARGIN,USD,[],False,{}
2026-03-08 22:13:25.193784189+00:00,1000108.50,0.00,1000108.50,USD,GLBX-001,MARGIN,USD,[],False,{}
2026-03-08 22:13:25.193784189+00:00,1000108.50,0.00,1000108.50,USD,GLBX-001,MARGIN,USD,[],False,{}
2026-03-08 22:13:32.056105923+00:00,1000109.00,0.00,1000109.00,USD,GLBX-001,MARGIN,USD,[],False,{}
2026-03-08 22:13:32.056105923+00:00,1000109.00,0.00,1000109.00,USD,GLBX-001,MARGIN,USD,[],False,{}
2026-03-08 22:13:36.252080019+00:00,1000111.00,0.00,1000111.00,USD,GLBX-001,MARGIN,USD,[],False,{}
2026-03-08 22:13:36.252080019+00:00,1000111.00,0.00,1000111.00,USD,GLBX-001,MARGIN,USD,[],False,{}
2026-03-08 22:13:38.987781738+00:00,1000111.25,0.00,1000111.25,USD,GLBX-001,MARGIN,USD,[],False,{}
2026-03-08 22:13:38.987781738+00:00,1000111.25,0.00,1000111.25,USD,GLBX-001,MARGIN,USD,[],False,{}
2026-03-08 22:13:53.555443570+00:00,1000113.00,0.00,1000113.00,USD,GLBX-001,MARGIN,USD,[],False,{}
2026-03-08 22:13:53.555443570+00:00,1000113.00,0.00,1000113.00,USD,GLBX-001,MARGIN,USD,[],False,{}
2026-03-08 22:14:06.280886914+00:00,1000112.50,0.00,1000112.50,USD,GLBX-001,MARGIN,USD,[],False,{}
2026-03-08 22:14:06.280886914+00:00,1000112.50,0.00,1000112.50,USD,GLBX-001,MARGIN,USD,[],False,{}
2026-03-08 22:14:13.169005210+00:00,1000110.75,0.00,1000110.75,USD,GLBX-001,MARGIN,USD,[],False,{}
2026-03-08 22:14:13.169005210+00:00,1000110.75,0.00,1000110.75,USD,GLBX-001,MARGIN,USD,[],False,{}
2026-03-08 22:14:24.575823848+00:00,1000110.00,0.00,1000110.00,USD,GLBX-001,MARGIN,USD,[],False,{}
2026-03-08 22:14:24.575823848+00:00,1000110.00,0.00,1000110.00,USD,GLBX-001,MARGIN,USD,[],False,{}
2026-03-08 22:14:39.037369067+00:00,1000115.50,0.00,1000115.50,USD,GLBX-001,MARGIN,USD,[],False,{}
2026-03-08 22:14:39.037369067+00:00,1000115.50,0.00,1000115.50,USD,GLBX-001,MARGIN,USD,[],False,{}
2026-03-08 22:14:42.611930911+00:00,1000114.25,0.00,1000114.25,USD,GLBX-001,MARGIN,USD,[],False,{}
2026-03-08 22:14:42.611930911+00:00,1000114.25,0.00,1000114.25,USD,GLBX-001,MARGIN,USD,[],False,{}
2026-03-08 22:15:08.458162141+00:00,1000111.75,0.00,1000111.75,USD,GLBX-001,MARGIN,USD,[],False,{}
2026-03-08 22:15:08.458162141+00:00,1000111.75,0.00,1000111.75,USD,GLBX-001,MARGIN,USD,[],False,{}
2026-03-08 22:15:26.387389627+00:00,1000113.25,0.00,1000113.25,USD,GLBX-001,MARGIN,USD,[],False,{}
2026-03-08 22:15:26.387389627+00:00,1000113.25,0.00,1000113.25,USD,GLBX-001,MARGIN,USD,[],False,{}
2026-03-08 22:15:56.973836356+00:00,1000109.75,0.00,1000109.75,USD,GLBX-001,MARGIN,USD,[],False,{}
2026-03-08 22:15:56.973836356+00:00,1000109.75,0.00,1000109.75,USD,GLBX-001,MARGIN,USD,[],False,{}
2026-03-08 22:16:11.809371083+00:00,1000111.25,0.00,1000111.25,USD,GLBX-001,MARGIN,USD,[],False,{}
2026-03-08 22:16:11.809371083+00:00,1000111.25,0.00,1000111.25,USD,GLBX-001,MARGIN,USD,[],False,{}
2026-03-08 22:16:15.156340853+00:00,1000110.75,0.00,1000110.75,USD,GLBX-001,MARGIN,USD,[],False,{}
2026-03-08 22:16:15.156340853+00:00,1000110.75,0.00,1000110.75,USD,GLBX-001,MARGIN,USD,[],False,{}
2026-03-08 22:16:18.977488067+00:00,1000110.50,0.00,1000110.50,USD,GLBX-001,MARGIN,USD,[],False,{}
2026-03-08 22:16:18.977488067+00:00,1000110.50,0.00,1000110.50,USD,GLBX-001,MARGIN,USD,[],False,{}
2026-03-08 22:16:29.679424605+00:00,1000111.50,0.00,1000111.50,USD,GLBX-001,MARGIN,USD,[],False,{}
2026-03-08 22:16:29.679424605+00:00,1000111.50,0.00,1000111.50,USD,GLBX-001,MARGIN,USD,[],False,{}
2026-03-08 22:17:05.470709456+00:00,1000114.75,0.00,1000114.75,USD,GLBX-001,MARGIN,USD,[],False,{}
2026-03-08 22:17:05.470709456+00:00,1000114.75,0.00,1000114.75,USD,GLBX-001,MARGIN,USD,[],False,{}
2026-03-08 22:17:08.995810891+00:00,1000114.00,0.00,1000114.00,USD,GLBX-001,MARGIN,USD,[],False,{}
2026-03-08 22:17:08.995810891+00:00,1000114.00,0.00,1000114.00,USD,GLBX-001,MARGIN,USD,[],False,{}
2026-03-08 22:17:11.985464903+00:00,1000113.00,0.00,1000113.00,USD,GLBX-001,MARGIN,USD,[],False,{}
2026-03-08 22:17:11.985464903+00:00,1000113.00,0.00,1000113.00,USD,GLBX-001,MARGIN,USD,[],False,{}
2026-03-08 22:17:22.644388261+00:00,1000111.50,0.00,1000111.50,USD,GLBX-001,MARGIN,USD,[],False,{}
2026-03-08 22:17:22.644388261+00:00,1000111.50,0.00,1000111.50,USD,GLBX-001,MARGIN,USD,[],False,{}
2026-03-08 22:17:31.809771179+00:00,1000110.50,0.00,1000110.50,USD,GLBX-001,MARGIN,USD,[],False,{}
2026-03-08 22:17:31.809771179+00:00,1000110.50,0.00,1000110.50,USD,GLBX-001,MARGIN,USD,[],False,{}
2026-03-08 22:18:04.127558093+00:00,1000110.00,0.00,1000110.00,USD,GLBX-001,MARGIN,USD,[],False,{}
2026-03-08 22:18:04.127558093+00:00,1000110.00,0.00,1000110.00,USD,GLBX-001,MARGIN,USD,[],False,{}
2026-03-08 22:18:22.824278858+00:00,1000107.00,0.00,1000107.00,USD,GLBX-001,MARGIN,USD,[],False,{}
2026-03-08 22:18:22.824278858+00:00,1000107.00,0.00,1000107.00,USD,GLBX-001,MARGIN,USD,[],False,{}
2026-03-08 22:18:24.584768667+00:00,1000105.75,0.00,1000105.75,USD,GLBX-001,MARGIN,USD,[],False,{}
2026-03-08 22:18:24.584768667+00:00,1000105.75,0.00,1000105.75,USD,GLBX-001,MARGIN,USD,[],False,{}
2026-03-08 22:18:46.771348096+00:00,1000106.75,0.00,1000106.75,USD,GLBX-001,MARGIN,USD,[],False,{}
2026-03-08 22:18:46.771348096+00:00,1000106.75,0.00,1000106.75,USD,GLBX-001,MARGIN,USD,[],False,{}
2026-03-08 22:18:48.483518434+00:00,1000107.75,0.00,1000107.75,USD,GLBX-001,MARGIN,USD,[],False,{}
2026-03-08 22:18:48.483518434+00:00,1000107.75,0.00,1000107.75,USD,GLBX-001,MARGIN,USD,[],False,{}
2026-03-08 22:18:50.863781474+00:00,1000107.75,0.00,1000107.75,USD,GLBX-001,MARGIN,USD,[],False,{}
2026-03-08 22:18:50.863781474+00:00,1000107.75,0.00,1000107.75,USD,GLBX-001,MARGIN,USD,[],False,{}
2026-03-08 22:19:15.185229104+00:00,1000106.75,0.00,1000106.75,USD,GLBX-001,MARGIN,USD,[],False,{}
2026-03-08 22:19:15.185229104+00:00,1000106.75,0.00,1000106.75,USD,GLBX-001,MARGIN,USD,[],False,{}
2026-03-08 22:19:22.847149464+00:00,1000107.25,0.00,1000107.25,USD,GLBX-001,MARGIN,USD,[],False,{}
2026-03-08 22:19:22.847149464+00:00,1000107.25,0.00,1000107.25,USD,GLBX-001,MARGIN,USD,[],False,{}
2026-03-08 22:19:31.789848363+00:00,1000107.50,0.00,1000107.50,USD,GLBX-001,MARGIN,USD,[],False,{}
2026-03-08 22:19:31.789848363+00:00,1000107.50,0.00,1000107.50,USD,GLBX-001,MARGIN,USD,[],False,{}
2026-03-08 22:20:08.359356232+00:00,1000108.25,0.00,1000108.25,USD,GLBX-001,MARGIN,USD,[],False,{}
2026-03-08 22:20:08.359356232+00:00,1000108.25,0.00,1000108.25,USD,GLBX-001,MARGIN,USD,[],False,{}
2026-03-08 22:20:21.089405919+00:00,1000107.00,0.00,1000107.00,USD,GLBX-001,MARGIN,USD,[],False,{}
2026-03-08 22:20:21.089405919+00:00,1000107.00,0.00,1000107.00,USD,GLBX-001,MARGIN,USD,[],False,{}
2026-03-08 22:20:24.662803951+00:00,1000107.50,0.00,1000107.50,USD,GLBX-001,MARGIN,USD,[],False,{}
2026-03-08 22:20:24.662803951+00:00,1000107.50,0.00,1000107.50,USD,GLBX-001,MARGIN,USD,[],False,{}
2026-03-08 22:20:28.222032682+00:00,1000106.50,0.00,1000106.50,USD,GLBX-001,MARGIN,USD,[],False,{}
2026-03-08 22:20:28.222032682+00:00,1000106.50,0.00,1000106.50,USD,GLBX-001,MARGIN,USD,[],False,{}
2026-03-08 22:20:35.111645470+00:00,1000110.75,0.00,1000110.75,USD,GLBX-001,MARGIN,USD,[],False,{}
2026-03-08 22:20:35.111645470+00:00,1000110.75,0.00,1000110.75,USD,GLBX-001,MARGIN,USD,[],False,{}
2026-03-08 22:20:38.377386490+00:00,1000114.75,0.00,1000114.75,USD,GLBX-001,MARGIN,USD,[],False,{}
2026-03-08 22:20:38.377386490+00:00,1000114.75,0.00,1000114.75,USD,GLBX-001,MARGIN,USD,[],False,{}
2026-03-08 22:20:43.572321008+00:00,1000113.00,0.00,1000113.00,USD,GLBX-001,MARGIN,USD,[],False,{}
2026-03-08 22:20:43.572321008+00:00,1000113.00,0.00,1000113.00,USD,GLBX-001,MARGIN,USD,[],False,{}
2026-03-08 22:20:57.668330156+00:00,1000112.75,0.00,1000112.75,USD,GLBX-001,MARGIN,USD,[],False,{}
2026-03-08 22:20:57.668330156+00:00,1000112.75,0.00,1000112.75,USD,GLBX-001,MARGIN,USD,[],False,{}
2026-03-08 22:21:02.592598407+00:00,1000113.25,0.00,1000113.25,USD,GLBX-001,MARGIN,USD,[],False,{}
2026-03-08 22:21:02.592598407+00:00,1000113.25,0.00,1000113.25,USD,GLBX-001,MARGIN,USD,[],False,{}
2026-03-08 22:21:04.202620706+00:00,1000108.25,0.00,1000108.25,USD,GLBX-001,MARGIN,USD,[],False,{}
2026-03-08 22:21:04.202620706+00:00,1000108.25,0.00,1000108.25,USD,GLBX-001,MARGIN,USD,[],False,{}
2026-03-08 22:21:06.960119349+00:00,1000104.25,0.00,1000104.25,USD,GLBX-001,MARGIN,USD,[],False,{}
2026-03-08 22:21:09.835084069+00:00,1000104.25,0.00,1000104.25,USD,GLBX-001,MARGIN,USD,[],False,{}
2026-03-08 22:21:29.913255823+00:00,1000104.00,0.00,1000104.00,USD,GLBX-001,MARGIN,USD,[],False,{}
2026-03-08 22:21:29.913255823+00:00,1000104.00,0.00,1000104.00,USD,GLBX-001,MARGIN,USD,[],False,{}
2026-03-08 22:22:04.710914834+00:00,1000102.25,0.00,1000102.25,USD,GLBX-001,MARGIN,USD,[],False,{}
2026-03-08 22:22:04.710914834+00:00,1000102.25,0.00,1000102.25,USD,GLBX-001,MARGIN,USD,[],False,{}
2026-03-08 22:22:16.736305693+00:00,1000100.00,0.00,1000100.00,USD,GLBX-001,MARGIN,USD,[],False,{}
2026-03-08 22:22:16.736305693+00:00,1000100.00,0.00,1000100.00,USD,GLBX-001,MARGIN,USD,[],False,{}
2026-03-08 22:22:23.437566888+00:00,1000100.50,0.00,1000100.50,USD,GLBX-001,MARGIN,USD,[],False,{}
2026-03-08 22:22:23.437566888+00:00,1000100.50,0.00,1000100.50,USD,GLBX-001,MARGIN,USD,[],False,{}
2026-03-08 22:22:37.135892755+00:00,1000100.00,0.00,1000100.00,USD,GLBX-001,MARGIN,USD,[],False,{}
2026-03-08 22:22:37.135892755+00:00,1000100.00,0.00,1000100.00,USD,GLBX-001,MARGIN,USD,[],False,{}
2026-03-08 22:22:56.304257738+00:00,1000100.25,0.00,1000100.25,USD,GLBX-001,MARGIN,USD,[],False,{}
2026-03-08 22:22:56.304257738+00:00,1000100.25,0.00,1000100.25,USD,GLBX-001,MARGIN,USD,[],False,{}
2026-03-08 22:23:05.410091213+00:00,1000099.25,0.00,1000099.25,USD,GLBX-001,MARGIN,USD,[],False,{}
2026-03-08 22:23:05.410091213+00:00,1000099.25,0.00,1000099.25,USD,GLBX-001,MARGIN,USD,[],False,{}
2026-03-08 22:24:24.824441305+00:00,1000105.75,0.00,1000105.75,USD,GLBX-001,MARGIN,USD,[],False,{}
2026-03-08 22:24:24.824441305+00:00,1000105.75,0.00,1000105.75,USD,GLBX-001,MARGIN,USD,[],False,{}
2026-03-08 22:24:47.558978289+00:00,1000105.75,0.00,1000105.75,USD,GLBX-001,MARGIN,USD,[],False,{}
2026-03-08 22:24:47.558978289+00:00,1000105.75,0.00,1000105.75,USD,GLBX-001,MARGIN,USD,[],False,{}
2026-03-08 22:24:55.510952898+00:00,1000104.00,0.00,1000104.00,USD,GLBX-001,MARGIN,USD,[],False,{}
2026-03-08 22:24:55.510952898+00:00,1000104.00,0.00,1000104.00,USD,GLBX-001,MARGIN,USD,[],False,{}
2026-03-08 22:25:01.038484024+00:00,1000103.50,0.00,1000103.50,USD,GLBX-001,MARGIN,USD,[],False,{}
2026-03-08 22:25:01.038484024+00:00,1000103.50,0.00,1000103.50,USD,GLBX-001,MARGIN,USD,[],False,{}
2026-03-08 22:25:16.948380250+00:00,1000101.25,0.00,1000101.25,USD,GLBX-001,MARGIN,USD,[],False,{}
2026-03-08 22:25:16.948380250+00:00,1000101.25,0.00,1000101.25,USD,GLBX-001,MARGIN,USD,[],False,{}
2026-03-08 22:25:20.372967723+00:00,1000100.75,0.00,1000100.75,USD,GLBX-001,MARGIN,USD,[],False,{}
2026-03-08 22:25:20.372967723+00:00,1000100.75,0.00,1000100.75,USD,GLBX-001,MARGIN,USD,[],False,{}
2026-03-08 22:25:42.560633314+00:00,1000102.75,0.00,1000102.75,USD,GLBX-001,MARGIN,USD,[],False,{}
2026-03-08 22:25:42.560633314+00:00,1000102.75,0.00,1000102.75,USD,GLBX-001,MARGIN,USD,[],False,{}
2026-03-08 22:25:43.644395269+00:00,1000101.25,0.00,1000101.25,USD,GLBX-001,MARGIN,USD,[],False,{}
2026-03-08 22:25:43.644395269+00:00,1000101.25,0.00,1000101.25,USD,GLBX-001,MARGIN,USD,[],False,{}
2026-03-08 22:25:48.288101101+00:00,1000101.75,0.00,1000101.75,USD,GLBX-001,MARGIN,USD,[],False,{}
2026-03-08 22:25:48.288101101+00:00,1000101.75,0.00,1000101.75,USD,GLBX-001,MARGIN,USD,[],False,{}
2026-03-08 22:26:25.575297570+00:00,1000102.00,0.00,1000102.00,USD,GLBX-001,MARGIN,USD,[],False,{}
2026-03-08 22:26:25.575297570+00:00,1000102.00,0.00,1000102.00,USD,GLBX-001,MARGIN,USD,[],False,{}
2026-03-08 22:26:29.014607157+00:00,1000102.25,0.00,1000102.25,USD,GLBX-001,MARGIN,USD,[],False,{}
2026-03-08 22:26:29.014607157+00:00,1000102.25,0.00,1000102.25,USD,GLBX-001,MARGIN,USD,[],False,{}
2026-03-08 22:26:37.085225323+00:00,1000101.00,0.00,1000101.00,USD,GLBX-001,MARGIN,USD,[],False,{}
2026-03-08 22:26:37.085225323+00:00,1000101.00,0.00,1000101.00,USD,GLBX-001,MARGIN,USD,[],False,{}
2026-03-08 22:26:42.780422864+00:00,1000101.00,0.00,1000101.00,USD,GLBX-001,MARGIN,USD,[],False,{}
2026-03-08 22:26:42.780422864+00:00,1000101.00,0.00,1000101.00,USD,GLBX-001,MARGIN,USD,[],False,{}
2026-03-08 22:26:52.702072045+00:00,1000101.75,0.00,1000101.75,USD,GLBX-001,MARGIN,USD,[],False,{}
2026-03-08 22:26:52.702072045+00:00,1000101.75,0.00,1000101.75,USD,GLBX-001,MARGIN,USD,[],False,{}
2026-03-08 22:27:00.259652477+00:00,1000101.50,0.00,1000101.50,USD,GLBX-001,MARGIN,USD,[],False,{}
2026-03-08 22:27:00.259652477+00:00,1000101.50,0.00,1000101.50,USD,GLBX-001,MARGIN,USD,[],False,{}
2026-03-08 22:27:03.908932054+00:00,1000100.50,0.00,1000100.50,USD,GLBX-001,MARGIN,USD,[],False,{}
2026-03-08 22:27:03.908932054+00:00,1000100.50,0.00,1000100.50,USD,GLBX-001,MARGIN,USD,[],False,{}
2026-03-08 22:27:37.324230949+00:00,1000100.75,0.00,1000100.75,USD,GLBX-001,MARGIN,USD,[],False,{}
2026-03-08 22:27:37.324230949+00:00,1000100.75,0.00,1000100.75,USD,GLBX-001,MARGIN,USD,[],False,{}
2026-03-08 22:27:40.401323701+00:00,1000099.25,0.00,1000099.25,USD,GLBX-001,MARGIN,USD,[],False,{}
2026-03-08 22:27:40.401323701+00:00,1000099.25,0.00,1000099.25,USD,GLBX-001,MARGIN,USD,[],False,{}
2026-03-08 22:27:43.605846026+00:00,1000099.50,0.00,1000099.50,USD,GLBX-001,MARGIN,USD,[],False,{}
2026-03-08 22:27:43.605846026+00:00,1000099.50,0.00,1000099.50,USD,GLBX-001,MARGIN,USD,[],False,{}
2026-03-08 22:27:47.043217172+00:00,1000099.25,0.00,1000099.25,USD,GLBX-001,MARGIN,USD,[],False,{}
2026-03-08 22:27:47.043217172+00:00,1000099.25,0.00,1000099.25,USD,GLBX-001,MARGIN,USD,[],False,{}
2026-03-08 22:27:52.663442277+00:00,1000100.25,0.00,1000100.25,USD,GLBX-001,MARGIN,USD,[],False,{}
2026-03-08 22:27:52.663442277+00:00,1000100.25,0.00,1000100.25,USD,GLBX-001,MARGIN,USD,[],False,{}
2026-03-08 22:27:57.519772571+00:00,1000102.50,0.00,1000102.50,USD,GLBX-001,MARGIN,USD,[],False,{}
2026-03-08 22:27:57.519772571+00:00,1000102.50,0.00,1000102.50,USD,GLBX-001,MARGIN,USD,[],False,{}
2026-03-08 22:28:01.649581089+00:00,1000102.50,0.00,1000102.50,USD,GLBX-001,MARGIN,USD,[],False,{}
2026-03-08 22:28:01.649581089+00:00,1000102.50,0.00,1000102.50,USD,GLBX-001,MARGIN,USD,[],False,{}
2026-03-08 22:28:39.908827029+00:00,1000106.50,0.00,1000106.50,USD,GLBX-001,MARGIN,USD,[],False,{}
2026-03-08 22:28:39.908827029+00:00,1000106.50,0.00,1000106.50,USD,GLBX-001,MARGIN,USD,[],False,{}
2026-03-08 22:28:47.002741304+00:00,1000107.75,0.00,1000107.75,USD,GLBX-001,MARGIN,USD,[],False,{}
2026-03-08 22:28:47.002741304+00:00,1000107.75,0.00,1000107.75,USD,GLBX-001,MARGIN,USD,[],False,{}
2026-03-08 22:29:14.532894384+00:00,1000110.25,0.00,1000110.25,USD,GLBX-001,MARGIN,USD,[],False,{}
2026-03-08 22:29:14.532894384+00:00,1000110.25,0.00,1000110.25,USD,GLBX-001,MARGIN,USD,[],False,{}
2026-03-08 22:29:21.636670770+00:00,1000109.00,0.00,1000109.00,USD,GLBX-001,MARGIN,USD,[],False,{}
2026-03-08 22:29:21.636670770+00:00,1000109.00,0.00,1000109.00,USD,GLBX-001,MARGIN,USD,[],False,{}
2026-03-08 22:30:03.570036560+00:00,1000111.00,0.00,1000111.00,USD,GLBX-001,MARGIN,USD,[],False,{}
2026-03-08 22:30:03.570036560+00:00,1000111.00,0.00,1000111.00,USD,GLBX-001,MARGIN,USD,[],False,{}
2026-03-08 22:30:04.773173965+00:00,1000111.75,0.00,1000111.75,USD,GLBX-001,MARGIN,USD,[],False,{}
2026-03-08 22:30:04.773173965+00:00,1000111.75,0.00,1000111.75,USD,GLBX-001,MARGIN,USD,[],False,{}
2026-03-08 22:30:54.511612181+00:00,1000112.75,0.00,1000112.75,USD,GLBX-001,MARGIN,USD,[],False,{}
2026-03-08 22:30:54.511612181+00:00,1000112.75,0.00,1000112.75,USD,GLBX-001,MARGIN,USD,[],False,{}
2026-03-08 22:31:01.681602245+00:00,1000112.50,0.00,1000112.50,USD,GLBX-001,MARGIN,USD,[],False,{}
2026-03-08 22:31:01.681602245+00:00,1000112.50,0.00,1000112.50,USD,GLBX-001,MARGIN,USD,[],False,{}
2026-03-08 22:31:31.184415500+00:00,1000112.00,0.00,1000112.00,USD,GLBX-001,MARGIN,USD,[],False,{}
2026-03-08 22:31:31.184415500+00:00,1000112.00,0.00,1000112.00,USD,GLBX-001,MARGIN,USD,[],False,{}
2026-03-08 22:31:39.712221392+00:00,1000111.25,0.00,1000111.25,USD,GLBX-001,MARGIN,USD,[],False,{}
2026-03-08 22:31:39.712221392+00:00,1000111.25,0.00,1000111.25,USD,GLBX-001,MARGIN,USD,[],False,{}
2026-03-08 22:31:50.838014536+00:00,1000110.50,0.00,1000110.50,USD,GLBX-001,MARGIN,USD,[],False,{}
2026-03-08 22:31:50.838014536+00:00,1000110.50,0.00,1000110.50,USD,GLBX-001,MARGIN,USD,[],False,{}
2026-03-08 22:32:31.179617085+00:00,1000109.75,0.00,1000109.75,USD,GLBX-001,MARGIN,USD,[],False,{}
2026-03-08 22:32:31.179617085+00:00,1000109.75,0.00,1000109.75,USD,GLBX-001,MARGIN,USD,[],False,{}
2026-03-08 22:32:38.898400145+00:00,1000109.50,0.00,1000109.50,USD,GLBX-001,MARGIN,USD,[],False,{}
2026-03-08 22:32:38.898400145+00:00,1000109.50,0.00,1000109.50,USD,GLBX-001,MARGIN,USD,[],False,{}
2026-03-08 22:32:42.847291055+00:00,1000109.75,0.00,1000109.75,USD,GLBX-001,MARGIN,USD,[],False,{}
2026-03-08 22:32:42.847291055+00:00,1000109.75,0.00,1000109.75,USD,GLBX-001,MARGIN,USD,[],False,{}
2026-03-08 22:32:49.706159130+00:00,1000110.75,0.00,1000110.75,USD,GLBX-001,MARGIN,USD,[],False,{}
2026-03-08 22:32:49.706159130+00:00,1000110.75,0.00,1000110.75,USD,GLBX-001,MARGIN,USD,[],False,{}
2026-03-08 22:32:58.522434776+00:00,1000111.00,0.00,1000111.00,USD,GLBX-001,MARGIN,USD,[],False,{}
2026-03-08 22:32:58.522434776+00:00,1000111.00,0.00,1000111.00,USD,GLBX-001,MARGIN,USD,[],False,{}
2026-03-08 22:33:00.110882450+00:00,1000111.75,0.00,1000111.75,USD,GLBX-001,MARGIN,USD,[],False,{}
2026-03-08 22:33:00.110882450+00:00,1000111.75,0.00,1000111.75,USD,GLBX-001,MARGIN,USD,[],False,{}
2026-03-08 22:33:05.885651647+00:00,1000110.00,0.00,1000110.00,USD,GLBX-001,MARGIN,USD,[],False,{}
2026-03-08 22:33:05.885651647+00:00,1000110.00,0.00,1000110.00,USD,GLBX-001,MARGIN,USD,[],False,{}
2026-03-08 22:33:10.185359835+00:00,1000109.50,0.00,1000109.50,USD,GLBX-001,MARGIN,USD,[],False,{}
2026-03-08 22:33:10.185359835+00:00,1000109.50,0.00,1000109.50,USD,GLBX-001,MARGIN,USD,[],False,{}
2026-03-08 22:33:39.944381643+00:00,1000108.50,0.00,1000108.50,USD,GLBX-001,MARGIN,USD,[],False,{}
2026-03-08 22:33:39.944381643+00:00,1000108.50,0.00,1000108.50,USD,GLBX-001,MARGIN,USD,[],False,{}
2026-03-08 22:33:59.852168742+00:00,1000108.75,0.00,1000108.75,USD,GLBX-001,MARGIN,USD,[],False,{}
2026-03-08 22:33:59.852168742+00:00,1000108.75,0.00,1000108.75,USD,GLBX-001,MARGIN,USD,[],False,{}
2026-03-08 22:34:07.720502912+00:00,1000109.00,0.00,1000109.00,USD,GLBX-001,MARGIN,USD,[],False,{}
2026-03-08 22:34:07.720502912+00:00,1000109.00,0.00,1000109.00,USD,GLBX-001,MARGIN,USD,[],False,{}
2026-03-08 22:34:18.934309650+00:00,1000109.50,0.00,1000109.50,USD,GLBX-001,MARGIN,USD,[],False,{}
2026-03-08 22:34:18.934309650+00:00,1000109.50,0.00,1000109.50,USD,GLBX-001,MARGIN,USD,[],False,{}
2026-03-08 22:34:23.263460994+00:00,1000109.75,0.00,1000109.75,USD,GLBX-001,MARGIN,USD,[],False,{}
2026-03-08 22:34:23.263460994+00:00,1000109.75,0.00,1000109.75,USD,GLBX-001,MARGIN,USD,[],False,{}
2026-03-08 22:34:34.840949139+00:00,1000109.50,0.00,1000109.50,USD,GLBX-001,MARGIN,USD,[],False,{}
2026-03-08 22:34:34.840949139+00:00,1000109.50,0.00,1000109.50,USD,GLBX-001,MARGIN,USD,[],False,{}
2026-03-08 22:34:54.739812637+00:00,1000109.25,0.00,1000109.25,USD,GLBX-001,MARGIN,USD,[],False,{}
2026-03-08 22:34:54.739812637+00:00,1000109.25,0.00,1000109.25,USD,GLBX-001,MARGIN,USD,[],False,{}
2026-03-08 22:35:16.047955983+00:00,1000108.00,0.00,1000108.00,USD,GLBX-001,MARGIN,USD,[],False,{}
2026-03-08 22:35:16.047955983+00:00,1000108.00,0.00,1000108.00,USD,GLBX-001,MARGIN,USD,[],False,{}
2026-03-08 22:35:56.819279667+00:00,1000106.25,0.00,1000106.25,USD,GLBX-001,MARGIN,USD,[],False,{}
2026-03-08 22:35:56.819279667+00:00,1000106.25,0.00,1000106.25,USD,GLBX-001,MARGIN,USD,[],False,{}
2026-03-08 22:36:01.854635640+00:00,1000105.50,0.00,1000105.50,USD,GLBX-001,MARGIN,USD,[],False,{}
2026-03-08 22:36:01.854635640+00:00,1000105.50,0.00,1000105.50,USD,GLBX-001,MARGIN,USD,[],False,{}
2026-03-08 22:36:10.356615371+00:00,1000104.50,0.00,1000104.50,USD,GLBX-001,MARGIN,USD,[],False,{}
2026-03-08 22:36:10.356615371+00:00,1000104.50,0.00,1000104.50,USD,GLBX-001,MARGIN,USD,[],False,{}
2026-03-08 22:36:24.366094015+00:00,1000106.25,0.00,1000106.25,USD,GLBX-001,MARGIN,USD,[],False,{}
2026-03-08 22:36:24.366094015+00:00,1000106.25,0.00,1000106.25,USD,GLBX-001,MARGIN,USD,[],False,{}
2026-03-08 22:36:41.573204170+00:00,1000106.75,0.00,1000106.75,USD,GLBX-001,MARGIN,USD,[],False,{}
2026-03-08 22:36:41.573204170+00:00,1000106.75,0.00,1000106.75,USD,GLBX-001,MARGIN,USD,[],False,{}
2026-03-08 22:36:43.608544795+00:00,1000106.25,0.00,1000106.25,USD,GLBX-001,MARGIN,USD,[],False,{}
2026-03-08 22:36:43.608544795+00:00,1000106.25,0.00,1000106.25,USD,GLBX-001,MARGIN,USD,[],False,{}
2026-03-08 22:37:02.462724083+00:00,1000106.50,0.00,1000106.50,USD,GLBX-001,MARGIN,USD,[],False,{}
2026-03-08 22:37:02.462724083+00:00,1000106.50,0.00,1000106.50,USD,GLBX-001,MARGIN,USD,[],False,{}
2026-03-08 22:37:10.330196984+00:00,1000105.50,0.00,1000105.50,USD,GLBX-001,MARGIN,USD,[],False,{}
2026-03-08 22:37:28.687225568+00:00,1000105.50,0.00,1000105.50,USD,GLBX-001,MARGIN,USD,[],False,{}
2026-03-08 22:38:05.844122210+00:00,1000106.00,0.00,1000106.00,USD,GLBX-001,MARGIN,USD,[],False,{}
2026-03-08 22:38:05.844122210+00:00,1000106.00,0.00,1000106.00,USD,GLBX-001,MARGIN,USD,[],False,{}
2026-03-08 22:38:47.009297704+00:00,1000105.00,0.00,1000105.00,USD,GLBX-001,MARGIN,USD,[],False,{}
2026-03-08 22:38:47.009297704+00:00,1000105.00,0.00,1000105.00,USD,GLBX-001,MARGIN,USD,[],False,{}
2026-03-08 22:39:01.216475691+00:00,1000106.00,0.00,1000106.00,USD,GLBX-001,MARGIN,USD,[],False,{}
2026-03-08 22:39:01.216475691+00:00,1000106.00,0.00,1000106.00,USD,GLBX-001,MARGIN,USD,[],False,{}
2026-03-08 22:39:07.974665549+00:00,1000105.50,0.00,1000105.50,USD,GLBX-001,MARGIN,USD,[],False,{}
2026-03-08 22:39:07.974665549+00:00,1000105.50,0.00,1000105.50,USD,GLBX-001,MARGIN,USD,[],False,{}
2026-03-08 22:39:41.817635800+00:00,1000101.75,0.00,1000101.75,USD,GLBX-001,MARGIN,USD,[],False,{}
2026-03-08 22:39:41.817635800+00:00,1000101.75,0.00,1000101.75,USD,GLBX-001,MARGIN,USD,[],False,{}
2026-03-08 22:40:42.963542450+00:00,1000100.00,0.00,1000100.00,USD,GLBX-001,MARGIN,USD,[],False,{}
2026-03-08 22:40:42.963542450+00:00,1000100.00,0.00,1000100.00,USD,GLBX-001,MARGIN,USD,[],False,{}
2026-03-08 22:40:54.965330079+00:00,1000100.50,0.00,1000100.50,USD,GLBX-001,MARGIN,USD,[],False,{}
2026-03-08 22:40:54.965330079+00:00,1000100.50,0.00,1000100.50,USD,GLBX-001,MARGIN,USD,[],False,{}
2026-03-08 22:40:56.204979458+00:00,1000100.25,0.00,1000100.25,USD,GLBX-001,MARGIN,USD,[],False,{}
2026-03-08 22:40:56.204979458+00:00,1000100.25,0.00,1000100.25,USD,GLBX-001,MARGIN,USD,[],False,{}
2026-03-08 22:41:21.309552976+00:00,1000101.25,0.00,1000101.25,USD,GLBX-001,MARGIN,USD,[],False,{}
2026-03-08 22:41:21.309552976+00:00,1000101.25,0.00,1000101.25,USD,GLBX-001,MARGIN,USD,[],False,{}
2026-03-08 22:41:44.194192848+00:00,1000101.50,0.00,1000101.50,USD,GLBX-001,MARGIN,USD,[],False,{}
2026-03-08 22:41:44.194192848+00:00,1000101.50,0.00,1000101.50,USD,GLBX-001,MARGIN,USD,[],False,{}
2026-03-08 22:42:26.222452933+00:00,1000104.00,0.00,1000104.00,USD,GLBX-001,MARGIN,USD,[],False,{}
2026-03-08 22:42:26.222452933+00:00,1000104.00,0.00,1000104.00,USD,GLBX-001,MARGIN,USD,[],False,{}
2026-03-08 22:43:35.658749048+00:00,1000107.50,0.00,1000107.50,USD,GLBX-001,MARGIN,USD,[],False,{}
2026-03-08 22:43:35.658749048+00:00,1000107.50,0.00,1000107.50,USD,GLBX-001,MARGIN,USD,[],False,{}
2026-03-08 22:44:22.061705061+00:00,1000111.00,0.00,1000111.00,USD,GLBX-001,MARGIN,USD,[],False,{}
2026-03-08 22:44:22.061705061+00:00,1000111.00,0.00,1000111.00,USD,GLBX-001,MARGIN,USD,[],False,{}
2026-03-08 22:44:55.633598618+00:00,1000109.75,0.00,1000109.75,USD,GLBX-001,MARGIN,USD,[],False,{}
2026-03-08 22:44:55.633598618+00:00,1000109.75,0.00,1000109.75,USD,GLBX-001,MARGIN,USD,[],False,{}
2026-03-08 22:45:55.583865728+00:00,1000102.25,0.00,1000102.25,USD,GLBX-001,MARGIN,USD,[],False,{}
2026-03-08 22:45:55.583865728+00:00,1000102.25,0.00,1000102.25,USD,GLBX-001,MARGIN,USD,[],False,{}
2026-03-08 22:46:19.544408488+00:00,1000101.75,0.00,1000101.75,USD,GLBX-001,MARGIN,USD,[],False,{}
2026-03-08 22:46:19.544408488+00:00,1000101.75,0.00,1000101.75,USD,GLBX-001,MARGIN,USD,[],False,{}
2026-03-08 22:46:21.825025461+00:00,1000102.25,0.00,1000102.25,USD,GLBX-001,MARGIN,USD,[],False,{}
2026-03-08 22:46:21.825025461+00:00,1000102.25,0.00,1000102.25,USD,GLBX-001,MARGIN,USD,[],False,{}
2026-03-08 22:46:31.570720003+00:00,1000103.00,0.00,1000103.00,USD,GLBX-001,MARGIN,USD,[],False,{}
2026-03-08 22:46:31.570720003+00:00,1000103.00,0.00,1000103.00,USD,GLBX-001,MARGIN,USD,[],False,{}
2026-03-08 22:47:42.873851839+00:00,1000103.25,0.00,1000103.25,USD,GLBX-001,MARGIN,USD,[],False,{}
2026-03-08 22:47:42.873851839+00:00,1000103.25,0.00,1000103.25,USD,GLBX-001,MARGIN,USD,[],False,{}
2026-03-08 22:48:26.324776315+00:00,1000104.50,0.00,1000104.50,USD,GLBX-001,MARGIN,USD,[],False,{}
2026-03-08 22:48:26.324776315+00:00,1000104.50,0.00,1000104.50,USD,GLBX-001,MARGIN,USD,[],False,{}
2026-03-08 22:48:40.110210511+00:00,1000105.00,0.00,1000105.00,USD,GLBX-001,MARGIN,USD,[],False,{}
2026-03-08 22:48:40.110210511+00:00,1000105.00,0.00,1000105.00,USD,GLBX-001,MARGIN,USD,[],False,{}
2026-03-08 22:48:41.441692250+00:00,1000106.00,0.00,1000106.00,USD,GLBX-001,MARGIN,USD,[],False,{}
2026-03-08 22:48:41.441692250+00:00,1000106.00,0.00,1000106.00,USD,GLBX-001,MARGIN,USD,[],False,{}
2026-03-08 22:49:03.067252951+00:00,1000106.00,0.00,1000106.00,USD,GLBX-001,MARGIN,USD,[],False,{}
2026-03-08 22:49:03.067252951+00:00,1000106.00,0.00,1000106.00,USD,GLBX-001,MARGIN,USD,[],False,{}
2026-03-08 22:49:07.210109351+00:00,1000106.50,0.00,1000106.50,USD,GLBX-001,MARGIN,USD,[],False,{}
2026-03-08 22:49:07.210109351+00:00,1000106.50,0.00,1000106.50,USD,GLBX-001,MARGIN,USD,[],False,{}
2026-03-08 22:49:31.601506096+00:00,1000107.75,0.00,1000107.75,USD,GLBX-001,MARGIN,USD,[],False,{}
2026-03-08 22:49:31.601506096+00:00,1000107.75,0.00,1000107.75,USD,GLBX-001,MARGIN,USD,[],False,{}
2026-03-08 22:49:43.041084571+00:00,1000106.75,0.00,1000106.75,USD,GLBX-001,MARGIN,USD,[],False,{}
2026-03-08 22:49:43.041084571+00:00,1000106.75,0.00,1000106.75,USD,GLBX-001,MARGIN,USD,[],False,{}
2026-03-08 22:51:27.694579584+00:00,1000108.75,0.00,1000108.75,USD,GLBX-001,MARGIN,USD,[],False,{}
2026-03-08 22:51:27.694579584+00:00,1000108.75,0.00,1000108.75,USD,GLBX-001,MARGIN,USD,[],False,{}
2026-03-08 22:52:46.402007547+00:00,1000106.75,0.00,1000106.75,USD,GLBX-001,MARGIN,USD,[],False,{}
2026-03-08 22:52:46.402007547+00:00,1000106.75,0.00,1000106.75,USD,GLBX-001,MARGIN,USD,[],False,{}
2026-03-08 22:52:47.535466688+00:00,1000106.75,0.00,1000106.75,USD,GLBX-001,MARGIN,USD,[],False,{}
2026-03-08 22:52:47.535466688+00:00,1000106.75,0.00,1000106.75,USD,GLBX-001,MARGIN,USD,[],False,{}
2026-03-08 22:53:21.526510405+00:00,1000110.00,0.00,1000110.00,USD,GLBX-001,MARGIN,USD,[],False,{}
2026-03-08 22:53:21.526510405+00:00,1000110.00,0.00,1000110.00,USD,GLBX-001,MARGIN,USD,[],False,{}
2026-03-08 22:53:39.991394704+00:00,1000111.25,0.00,1000111.25,USD,GLBX-001,MARGIN,USD,[],False,{}
2026-03-08 22:53:39.991394704+00:00,1000111.25,0.00,1000111.25,USD,GLBX-001,MARGIN,USD,[],False,{}
2026-03-08 22:53:46.477184770+00:00,1000110.50,0.00,1000110.50,USD,GLBX-001,MARGIN,USD,[],False,{}
2026-03-08 22:53:46.477184770+00:00,1000110.50,0.00,1000110.50,USD,GLBX-001,MARGIN,USD,[],False,{}
2026-03-08 22:53:51.472853261+00:00,1000111.00,0.00,1000111.00,USD,GLBX-001,MARGIN,USD,[],False,{}
2026-03-08 22:53:51.472853261+00:00,1000111.00,0.00,1000111.00,USD,GLBX-001,MARGIN,USD,[],False,{}
2026-03-08 22:54:19.377962131+00:00,1000114.50,0.00,1000114.50,USD,GLBX-001,MARGIN,USD,[],False,{}
2026-03-08 22:54:19.377962131+00:00,1000114.50,0.00,1000114.50,USD,GLBX-001,MARGIN,USD,[],False,{}
2026-03-08 22:54:51.932607520+00:00,1000116.75,0.00,1000116.75,USD,GLBX-001,MARGIN,USD,[],False,{}
2026-03-08 22:54:51.932607520+00:00,1000116.75,0.00,1000116.75,USD,GLBX-001,MARGIN,USD,[],False,{}
2026-03-08 22:55:10.113903779+00:00,1000119.25,0.00,1000119.25,USD,GLBX-001,MARGIN,USD,[],False,{}
2026-03-08 22:55:10.113903779+00:00,1000119.25,0.00,1000119.25,USD,GLBX-001,MARGIN,USD,[],False,{}
2026-03-08 22:56:29.833486727+00:00,1000121.75,0.00,1000121.75,USD,GLBX-001,MARGIN,USD,[],False,{}
2026-03-08 22:56:29.833486727+00:00,1000121.75,0.00,1000121.75,USD,GLBX-001,MARGIN,USD,[],False,{}
2026-03-08 22:56:34.981532891+00:00,1000122.25,0.00,1000122.25,USD,GLBX-001,MARGIN,USD,[],False,{}
2026-03-08 22:56:34.981532891+00:00,1000122.25,0.00,1000122.25,USD,GLBX-001,MARGIN,USD,[],False,{}
2026-03-08 22:57:38.236324255+00:00,1000124.00,0.00,1000124.00,USD,GLBX-001,MARGIN,USD,[],False,{}
2026-03-08 22:57:38.236324255+00:00,1000124.00,0.00,1000124.00,USD,GLBX-001,MARGIN,USD,[],False,{}
2026-03-08 22:58:47.218678892+00:00,1000123.00,0.00,1000123.00,USD,GLBX-001,MARGIN,USD,[],False,{}
2026-03-08 22:58:47.218678892+00:00,1000123.00,0.00,1000123.00,USD,GLBX-001,MARGIN,USD,[],False,{}
2026-03-08 22:59:06.188824728+00:00,1000122.25,0.00,1000122.25,USD,GLBX-001,MARGIN,USD,[],False,{}
2026-03-08 22:59:06.188824728+00:00,1000122.25,0.00,1000122.25,USD,GLBX-001,MARGIN,USD,[],False,{}
2026-03-08 23:00:10.449335552+00:00,1000129.50,0.00,1000129.50,USD,GLBX-001,MARGIN,USD,[],False,{}
2026-03-08 23:00:10.449335552+00:00,1000129.50,0.00,1000129.50,USD,GLBX-001,MARGIN,USD,[],False,{}
2026-03-08 23:00:16.529674368+00:00,1000127.75,0.00,1000127.75,USD,GLBX-001,MARGIN,USD,[],False,{}
2026-03-08 23:00:16.529674368+00:00,1000127.75,0.00,1000127.75,USD,GLBX-001,MARGIN,USD,[],False,{}
2026-03-08 23:00:23.389858680+00:00,1000128.75,0.00,1000128.75,USD,GLBX-001,MARGIN,USD,[],False,{}
2026-03-08 23:00:23.389858680+00:00,1000128.75,0.00,1000128.75,USD,GLBX-001,MARGIN,USD,[],False,{}
2026-03-08 23:00:42.706578259+00:00,1000131.75,0.00,1000131.75,USD,GLBX-001,MARGIN,USD,[],False,{}
2026-03-08 23:00:45.539320020+00:00,1000131.75,0.00,1000131.75,USD,GLBX-001,MARGIN,USD,[],False,{}
2026-03-08 23:00:47.529199053+00:00,1000132.25,0.00,1000132.25,USD,GLBX-001,MARGIN,USD,[],False,{}
2026-03-08 23:00:47.529199053+00:00,1000132.25,0.00,1000132.25,USD,GLBX-001,MARGIN,USD,[],False,{}
2026-03-08 23:00:59.224407858+00:00,1000130.25,0.00,1000130.25,USD,GLBX-001,MARGIN,USD,[],False,{}
2026-03-08 23:00:59.224407858+00:00,1000130.25,0.00,1000130.25,USD,GLBX-001,MARGIN,USD,[],False,{}
2026-03-08 23:01:01.164365546+00:00,1000128.25,0.00,1000128.25,USD,GLBX-001,MARGIN,USD,[],False,{}
2026-03-08 23:01:01.164365546+00:00,1000128.25,0.00,1000128.25,USD,GLBX-001,MARGIN,USD,[],False,{}
2026-03-08 23:01:10.022265254+00:00,1000127.75,0.00,1000127.75,USD,GLBX-001,MARGIN,USD,[],False,{}
2026-03-08 23:01:10.022265254+00:00,1000127.75,0.00,1000127.75,USD,GLBX-001,MARGIN,USD,[],False,{}
2026-03-08 23:01:37.385673903+00:00,1000128.00,0.00,1000128.00,USD,GLBX-001,MARGIN,USD,[],False,{}
2026-03-08 23:01:37.385673903+00:00,1000128.00,0.00,1000128.00,USD,GLBX-001,MARGIN,USD,[],False,{}
2026-03-08 23:02:08.767360637+00:00,1000125.25,0.00,1000125.25,USD,GLBX-001,MARGIN,USD,[],False,{}
2026-03-08 23:02:08.767360637+00:00,1000125.25,0.00,1000125.25,USD,GLBX-001,MARGIN,USD,[],False,{}
2026-03-08 23:02:59.515555450+00:00,1000125.25,0.00,1000125.25,USD,GLBX-001,MARGIN,USD,[],False,{}
2026-03-08 23:02:59.515555450+00:00,1000125.25,0.00,1000125.25,USD,GLBX-001,MARGIN,USD,[],False,{}
2026-03-08 23:03:25.137361099+00:00,1000125.00,0.00,1000125.00,USD,GLBX-001,MARGIN,USD,[],False,{}
2026-03-08 23:03:25.137361099+00:00,1000125.00,0.00,1000125.00,USD,GLBX-001,MARGIN,USD,[],False,{}
2026-03-08 23:04:10.678023310+00:00,1000120.75,0.00,1000120.75,USD,GLBX-001,MARGIN,USD,[],False,{}
2026-03-08 23:04:10.678023310+00:00,1000120.75,0.00,1000120.75,USD,GLBX-001,MARGIN,USD,[],False,{}
2026-03-08 23:04:22.498297527+00:00,1000120.25,0.00,1000120.25,USD,GLBX-001,MARGIN,USD,[],False,{}
2026-03-08 23:04:22.498297527+00:00,1000120.25,0.00,1000120.25,USD,GLBX-001,MARGIN,USD,[],False,{}
2026-03-08 23:04:25.630441946+00:00,1000120.25,0.00,1000120.25,USD,GLBX-001,MARGIN,USD,[],False,{}
2026-03-08 23:04:25.630441946+00:00,1000120.25,0.00,1000120.25,USD,GLBX-001,MARGIN,USD,[],False,{}
2026-03-08 23:04:33.036130968+00:00,1000119.25,0.00,1000119.25,USD,GLBX-001,MARGIN,USD,[],False,{}
2026-03-08 23:04:33.036130968+00:00,1000119.25,0.00,1000119.25,USD,GLBX-001,MARGIN,USD,[],False,{}
2026-03-08 23:04:54.587562055+00:00,1000120.00,0.00,1000120.00,USD,GLBX-001,MARGIN,USD,[],False,{}
2026-03-08 23:04:54.587562055+00:00,1000120.00,0.00,1000120.00,USD,GLBX-001,MARGIN,USD,[],False,{}
2026-03-08 23:05:51.844479466+00:00,1000119.75,0.00,1000119.75,USD,GLBX-001,MARGIN,USD,[],False,{}
2026-03-08 23:05:51.844479466+00:00,1000119.75,0.00,1000119.75,USD,GLBX-001,MARGIN,USD,[],False,{}
2026-03-08 23:06:17.277501877+00:00,1000119.75,0.00,1000119.75,USD,GLBX-001,MARGIN,USD,[],False,{}
2026-03-08 23:06:17.277501877+00:00,1000119.75,0.00,1000119.75,USD,GLBX-001,MARGIN,USD,[],False,{}
2026-03-08 23:06:24.918662779+00:00,1000119.50,0.00,1000119.50,USD,GLBX-001,MARGIN,USD,[],False,{}
2026-03-08 23:06:24.918662779+00:00,1000119.50,0.00,1000119.50,USD,GLBX-001,MARGIN,USD,[],False,{}
2026-03-08 23:06:52.346481536+00:00,1000123.25,0.00,1000123.25,USD,GLBX-001,MARGIN,USD,[],False,{}
2026-03-08 23:06:52.346481536+00:00,1000123.25,0.00,1000123.25,USD,GLBX-001,MARGIN,USD,[],False,{}
2026-03-08 23:07:45.397604867+00:00,1000122.00,0.00,1000122.00,USD,GLBX-001,MARGIN,USD,[],False,{}
2026-03-08 23:07:45.397604867+00:00,1000122.00,0.00,1000122.00,USD,GLBX-001,MARGIN,USD,[],False,{}
2026-03-08 23:08:14.425409820+00:00,1000118.50,0.00,1000118.50,USD,GLBX-001,MARGIN,USD,[],False,{}
2026-03-08 23:08:14.425409820+00:00,1000118.50,0.00,1000118.50,USD,GLBX-001,MARGIN,USD,[],False,{}
2026-03-08 23:09:17.346365440+00:00,1000112.75,0.00,1000112.75,USD,GLBX-001,MARGIN,USD,[],False,{}
2026-03-08 23:09:17.346365440+00:00,1000112.75,0.00,1000112.75,USD,GLBX-001,MARGIN,USD,[],False,{}
2026-03-08 23:09:39.321358019+00:00,1000115.00,0.00,1000115.00,USD,GLBX-001,MARGIN,USD,[],False,{}
2026-03-08 23:09:39.321358019+00:00,1000115.00,0.00,1000115.00,USD,GLBX-001,MARGIN,USD,[],False,{}
2026-03-08 23:09:44.899699999+00:00,1000113.50,0.00,1000113.50,USD,GLBX-001,MARGIN,USD,[],False,{}
2026-03-08 23:09:44.899699999+00:00,1000113.50,0.00,1000113.50,USD,GLBX-001,MARGIN,USD,[],False,{}
2026-03-08 23:10:02.472434549+00:00,1000111.25,0.00,1000111.25,USD,GLBX-001,MARGIN,USD,[],False,{}
2026-03-08 23:10:04.142699642+00:00,1000111.25,0.00,1000111.25,USD,GLBX-001,MARGIN,USD,[],False,{}
2026-03-08 23:10:29.100762872+00:00,1000110.50,0.00,1000110.50,USD,GLBX-001,MARGIN,USD,[],False,{}
2026-03-08 23:10:29.100762872+00:00,1000110.50,0.00,1000110.50,USD,GLBX-001,MARGIN,USD,[],False,{}
2026-03-08 23:10:35.934749778+00:00,1000110.75,0.00,1000110.75,USD,GLBX-001,MARGIN,USD,[],False,{}
2026-03-08 23:10:35.934749778+00:00,1000110.75,0.00,1000110.75,USD,GLBX-001,MARGIN,USD,[],False,{}
2026-03-08 23:10:42.050033864+00:00,1000112.75,0.00,1000112.75,USD,GLBX-001,MARGIN,USD,[],False,{}
2026-03-08 23:10:42.050033864+00:00,1000112.75,0.00,1000112.75,USD,GLBX-001,MARGIN,USD,[],False,{}
2026-03-08 23:10:48.488622661+00:00,1000115.50,0.00,1000115.50,USD,GLBX-001,MARGIN,USD,[],False,{}
2026-03-08 23:10:48.488622661+00:00,1000115.50,0.00,1000115.50,USD,GLBX-001,MARGIN,USD,[],False,{}
2026-03-08 23:10:50.024191632+00:00,1000116.25,0.00,1000116.25,USD,GLBX-001,MARGIN,USD,[],False,{}
2026-03-08 23:10:50.024191632+00:00,1000116.25,0.00,1000116.25,USD,GLBX-001,MARGIN,USD,[],False,{}
2026-03-08 23:10:56.243062289+00:00,1000115.00,0.00,1000115.00,USD,GLBX-001,MARGIN,USD,[],False,{}
2026-03-08 23:10:56.243062289+00:00,1000115.00,0.00,1000115.00,USD,GLBX-001,MARGIN,USD,[],False,{}
2026-03-08 23:11:04.065116960+00:00,1000115.00,0.00,1000115.00,USD,GLBX-001,MARGIN,USD,[],False,{}
2026-03-08 23:11:04.065116960+00:00,1000115.00,0.00,1000115.00,USD,GLBX-001,MARGIN,USD,[],False,{}
2026-03-08 23:11:38.374888089+00:00,1000117.75,0.00,1000117.75,USD,GLBX-001,MARGIN,USD,[],False,{}
2026-03-08 23:11:38.374888089+00:00,1000117.75,0.00,1000117.75,USD,GLBX-001,MARGIN,USD,[],False,{}
2026-03-08 23:12:30.086323234+00:00,1000120.75,0.00,1000120.75,USD,GLBX-001,MARGIN,USD,[],False,{}
2026-03-08 23:12:30.086323234+00:00,1000120.75,0.00,1000120.75,USD,GLBX-001,MARGIN,USD,[],False,{}
2026-03-08 23:13:03.746979792+00:00,1000121.75,0.00,1000121.75,USD,GLBX-001,MARGIN,USD,[],False,{}
2026-03-08 23:13:03.746979792+00:00,1000121.75,0.00,1000121.75,USD,GLBX-001,MARGIN,USD,[],False,{}
2026-03-08 23:13:12.182773728+00:00,1000121.50,0.00,1000121.50,USD,GLBX-001,MARGIN,USD,[],False,{}
2026-03-08 23:13:12.182773728+00:00,1000121.50,0.00,1000121.50,USD,GLBX-001,MARGIN,USD,[],False,{}
2026-03-08 23:13:34.460214245+00:00,1000119.75,0.00,1000119.75,USD,GLBX-001,MARGIN,USD,[],False,{}
2026-03-08 23:13:34.460214245+00:00,1000119.75,0.00,1000119.75,USD,GLBX-001,MARGIN,USD,[],False,{}
2026-03-08 23:15:02.744464301+00:00,1000117.00,0.00,1000117.00,USD,GLBX-001,MARGIN,USD,[],False,{}
2026-03-08 23:15:02.744464301+00:00,1000117.00,0.00,1000117.00,USD,GLBX-001,MARGIN,USD,[],False,{}
2026-03-08 23:15:16.242294552+00:00,1000116.25,0.00,1000116.25,USD,GLBX-001,MARGIN,USD,[],False,{}
2026-03-08 23:15:16.242294552+00:00,1000116.25,0.00,1000116.25,USD,GLBX-001,MARGIN,USD,[],False,{}
2026-03-08 23:15:51.768551523+00:00,1000115.75,0.00,1000115.75,USD,GLBX-001,MARGIN,USD,[],False,{}
2026-03-08 23:15:51.768551523+00:00,1000115.75,0.00,1000115.75,USD,GLBX-001,MARGIN,USD,[],False,{}
2026-03-08 23:16:28.854466843+00:00,1000117.50,0.00,1000117.50,USD,GLBX-001,MARGIN,USD,[],False,{}
2026-03-08 23:16:28.854466843+00:00,1000117.50,0.00,1000117.50,USD,GLBX-001,MARGIN,USD,[],False,{}
2026-03-08 23:17:09.788696936+00:00,1000116.25,0.00,1000116.25,USD,GLBX-001,MARGIN,USD,[],False,{}
2026-03-08 23:17:09.788696936+00:00,1000116.25,0.00,1000116.25,USD,GLBX-001,MARGIN,USD,[],False,{}
2026-03-08 23:17:57.941459973+00:00,1000116.50,0.00,1000116.50,USD,GLBX-001,MARGIN,USD,[],False,{}
2026-03-08 23:17:57.941459973+00:00,1000116.50,0.00,1000116.50,USD,GLBX-001,MARGIN,USD,[],False,{}
2026-03-08 23:18:00.053955095+00:00,1000116.25,0.00,1000116.25,USD,GLBX-001,MARGIN,USD,[],False,{}
2026-03-08 23:18:00.053955095+00:00,1000116.25,0.00,1000116.25,USD,GLBX-001,MARGIN,USD,[],False,{}
2026-03-08 23:19:05.514889264+00:00,1000116.50,0.00,1000116.50,USD,GLBX-001,MARGIN,USD,[],False,{}
2026-03-08 23:19:05.514889264+00:00,1000116.50,0.00,1000116.50,USD,GLBX-001,MARGIN,USD,[],False,{}
2026-03-08 23:19:49.253008699+00:00,1000115.75,0.00,1000115.75,USD,GLBX-001,MARGIN,USD,[],False,{}
2026-03-08 23:19:49.253008699+00:00,1000115.75,0.00,1000115.75,USD,GLBX-001,MARGIN,USD,[],False,{}
2026-03-08 23:21:08.009104659+00:00,1000116.00,0.00,1000116.00,USD,GLBX-001,MARGIN,USD,[],False,{}
2026-03-08 23:21:08.009104659+00:00,1000116.00,0.00,1000116.00,USD,GLBX-001,MARGIN,USD,[],False,{}
2026-03-08 23:23:26.527679064+00:00,1000116.00,0.00,1000116.00,USD,GLBX-001,MARGIN,USD,[],False,{}
2026-03-08 23:23:26.527679064+00:00,1000116.00,0.00,1000116.00,USD,GLBX-001,MARGIN,USD,[],False,{}
2026-03-08 23:24:03.010174267+00:00,1000116.00,0.00,1000116.00,USD,GLBX-001,MARGIN,USD,[],False,{}
2026-03-08 23:24:03.010174267+00:00,1000116.00,0.00,1000116.00,USD,GLBX-001,MARGIN,USD,[],False,{}
2026-03-08 23:24:24.839189915+00:00,1000116.25,0.00,1000116.25,USD,GLBX-001,MARGIN,USD,[],False,{}
2026-03-08 23:24:24.839189915+00:00,1000116.25,0.00,1000116.25,USD,GLBX-001,MARGIN,USD,[],False,{}
2026-03-08 23:24:31.563558706+00:00,1000115.25,0.00,1000115.25,USD,GLBX-001,MARGIN,USD,[],False,{}
2026-03-08 23:24:31.563558706+00:00,1000115.25,0.00,1000115.25,USD,GLBX-001,MARGIN,USD,[],False,{}
2026-03-08 23:25:00.380797693+00:00,1000115.25,0.00,1000115.25,USD,GLBX-001,MARGIN,USD,[],False,{}
2026-03-08 23:25:00.380797693+00:00,1000115.25,0.00,1000115.25,USD,GLBX-001,MARGIN,USD,[],False,{}
2026-03-08 23:25:30.826558288+00:00,1000113.25,0.00,1000113.25,USD,GLBX-001,MARGIN,USD,[],False,{}
2026-03-08 23:25:30.826558288+00:00,1000113.25,0.00,1000113.25,USD,GLBX-001,MARGIN,USD,[],False,{}
2026-03-08 23:26:08.968035467+00:00,1000111.75,0.00,1000111.75,USD,GLBX-001,MARGIN,USD,[],False,{}
2026-03-08 23:26:08.968035467+00:00,1000111.75,0.00,1000111.75,USD,GLBX-001,MARGIN,USD,[],False,{}
2026-03-08 23:26:19.918149527+00:00,1000111.25,0.00,1000111.25,USD,GLBX-001,MARGIN,USD,[],False,{}
2026-03-08 23:26:19.918149527+00:00,1000111.25,0.00,1000111.25,USD,GLBX-001,MARGIN,USD,[],False,{}
2026-03-08 23:26:53.635605947+00:00,1000111.00,0.00,1000111.00,USD,GLBX-001,MARGIN,USD,[],False,{}
2026-03-08 23:26:53.635605947+00:00,1000111.00,0.00,1000111.00,USD,GLBX-001,MARGIN,USD,[],False,{}
2026-03-08 23:27:01.111527631+00:00,1000110.25,0.00,1000110.25,USD,GLBX-001,MARGIN,USD,[],False,{}
2026-03-08 23:27:01.111527631+00:00,1000110.25,0.00,1000110.25,USD,GLBX-001,MARGIN,USD,[],False,{}
2026-03-08 23:27:47.260663013+00:00,1000111.75,0.00,1000111.75,USD,GLBX-001,MARGIN,USD,[],False,{}
2026-03-08 23:27:47.260663013+00:00,1000111.75,0.00,1000111.75,USD,GLBX-001,MARGIN,USD,[],False,{}
2026-03-08 23:30:03.429852127+00:00,1000115.00,0.00,1000115.00,USD,GLBX-001,MARGIN,USD,[],False,{}
2026-03-08 23:30:03.429852127+00:00,1000115.00,0.00,1000115.00,USD,GLBX-001,MARGIN,USD,[],False,{}
2026-03-08 23:30:31.092544043+00:00,1000116.00,0.00,1000116.00,USD,GLBX-001,MARGIN,USD,[],False,{}
2026-03-08 23:30:31.092544043+00:00,1000116.00,0.00,1000116.00,USD,GLBX-001,MARGIN,USD,[],False,{}
2026-03-08 23:31:47.705700951+00:00,1000115.75,0.00,1000115.75,USD,GLBX-001,MARGIN,USD,[],False,{}
2026-03-08 23:31:47.705700951+00:00,1000115.75,0.00,1000115.75,USD,GLBX-001,MARGIN,USD,[],False,{}
2026-03-08 23:31:49.709694504+00:00,1000115.50,0.00,1000115.50,USD,GLBX-001,MARGIN,USD,[],False,{}
2026-03-08 23:31:49.709694504+00:00,1000115.50,0.00,1000115.50,USD,GLBX-001,MARGIN,USD,[],False,{}
2026-03-08 23:32:09.587186030+00:00,1000116.00,0.00,1000116.00,USD,GLBX-001,MARGIN,USD,[],False,{}
2026-03-08 23:32:09.587186030+00:00,1000116.00,0.00,1000116.00,USD,GLBX-001,MARGIN,USD,[],False,{}
2026-03-08 23:32:30.712196592+00:00,1000118.75,0.00,1000118.75,USD,GLBX-001,MARGIN,USD,[],False,{}
2026-03-08 23:32:30.712196592+00:00,1000118.75,0.00,1000118.75,USD,GLBX-001,MARGIN,USD,[],False,{}
2026-03-08 23:33:03.772219117+00:00,1000115.75,0.00,1000115.75,USD,GLBX-001,MARGIN,USD,[],False,{}
2026-03-08 23:33:03.772219117+00:00,1000115.75,0.00,1000115.75,USD,GLBX-001,MARGIN,USD,[],False,{}
2026-03-08 23:33:06.852330306+00:00,1000115.50,0.00,1000115.50,USD,GLBX-001,MARGIN,USD,[],False,{}
2026-03-08 23:33:06.852330306+00:00,1000115.50,0.00,1000115.50,USD,GLBX-001,MARGIN,USD,[],False,{}
2026-03-08 23:33:18.482379288+00:00,1000116.75,0.00,1000116.75,USD,GLBX-001,MARGIN,USD,[],False,{}
2026-03-08 23:33:18.482379288+00:00,1000116.75,0.00,1000116.75,USD,GLBX-001,MARGIN,USD,[],False,{}
2026-03-08 23:33:39.031982574+00:00,1000118.00,0.00,1000118.00,USD,GLBX-001,MARGIN,USD,[],False,{}
2026-03-08 23:33:39.031982574+00:00,1000118.00,0.00,1000118.00,USD,GLBX-001,MARGIN,USD,[],False,{}
2026-03-08 23:34:27.754573883+00:00,1000119.50,0.00,1000119.50,USD,GLBX-001,MARGIN,USD,[],False,{}
2026-03-08 23:34:27.754573883+00:00,1000119.50,0.00,1000119.50,USD,GLBX-001,MARGIN,USD,[],False,{}
2026-03-08 23:35:32.665604360+00:00,1000120.00,0.00,1000120.00,USD,GLBX-001,MARGIN,USD,[],False,{}
2026-03-08 23:35:32.665604360+00:00,1000120.00,0.00,1000120.00,USD,GLBX-001,MARGIN,USD,[],False,{}
2026-03-08 23:35:47.877457050+00:00,1000120.00,0.00,1000120.00,USD,GLBX-001,MARGIN,USD,[],False,{}
2026-03-08 23:35:47.877457050+00:00,1000120.00,0.00,1000120.00,USD,GLBX-001,MARGIN,USD,[],False,{}
2026-03-08 23:35:58.396706769+00:00,1000119.25,0.00,1000119.25,USD,GLBX-001,MARGIN,USD,[],False,{}
2026-03-08 23:35:58.396706769+00:00,1000119.25,0.00,1000119.25,USD,GLBX-001,MARGIN,USD,[],False,{}
2026-03-08 23:36:22.057157656+00:00,1000119.00,0.00,1000119.00,USD,GLBX-001,MARGIN,USD,[],False,{}
2026-03-08 23:36:22.057157656+00:00,1000119.00,0.00,1000119.00,USD,GLBX-001,MARGIN,USD,[],False,{}
2026-03-08 23:36:41.032910407+00:00,1000119.00,0.00,1000119.00,USD,GLBX-001,MARGIN,USD,[],False,{}
2026-03-08 23:36:41.032910407+00:00,1000119.00,0.00,1000119.00,USD,GLBX-001,MARGIN,USD,[],False,{}
2026-03-08 23:36:56.209360971+00:00,1000119.00,0.00,1000119.00,USD,GLBX-001,MARGIN,USD,[],False,{}
2026-03-08 23:36:56.209360971+00:00,1000119.00,0.00,1000119.00,USD,GLBX-001,MARGIN,USD,[],False,{}
2026-03-08 23:37:04.742350942+00:00,1000118.75,0.00,1000118.75,USD,GLBX-001,MARGIN,USD,[],False,{}
2026-03-08 23:37:04.742350942+00:00,1000118.75,0.00,1000118.75,USD,GLBX-001,MARGIN,USD,[],False,{}
2026-03-08 23:37:21.532125559+00:00,1000117.25,0.00,1000117.25,USD,GLBX-001,MARGIN,USD,[],False,{}
2026-03-08 23:37:21.532125559+00:00,1000117.25,0.00,1000117.25,USD,GLBX-001,MARGIN,USD,[],False,{}
2026-03-08 23:37:39.242199235+00:00,1000116.75,0.00,1000116.75,USD,GLBX-001,MARGIN,USD,[],False,{}
2026-03-08 23:37:39.242199235+00:00,1000116.75,0.00,1000116.75,USD,GLBX-001,MARGIN,USD,[],False,{}
2026-03-08 23:37:53.472714229+00:00,1000116.00,0.00,1000116.00,USD,GLBX-001,MARGIN,USD,[],False,{}
2026-03-08 23:37:53.472714229+00:00,1000116.00,0.00,1000116.00,USD,GLBX-001,MARGIN,USD,[],False,{}
2026-03-08 23:38:25.646937082+00:00,1000119.50,0.00,1000119.50,USD,GLBX-001,MARGIN,USD,[],False,{}
2026-03-08 23:38:25.646937082+00:00,1000119.50,0.00,1000119.50,USD,GLBX-001,MARGIN,USD,[],False,{}
2026-03-08 23:38:30.489925352+00:00,1000122.25,0.00,1000122.25,USD,GLBX-001,MARGIN,USD,[],False,{}
2026-03-08 23:38:30.489925352+00:00,1000122.25,0.00,1000122.25,USD,GLBX-001,MARGIN,USD,[],False,{}
2026-03-08 23:39:30.987523055+00:00,1000125.75,0.00,1000125.75,USD,GLBX-001,MARGIN,USD,[],False,{}
2026-03-08 23:39:30.987523055+00:00,1000125.75,0.00,1000125.75,USD,GLBX-001,MARGIN,USD,[],False,{}
2026-03-08 23:40:01.972845415+00:00,1000127.00,0.00,1000127.00,USD,GLBX-001,MARGIN,USD,[],False,{}
2026-03-08 23:40:01.972845415+00:00,1000127.00,0.00,1000127.00,USD,GLBX-001,MARGIN,USD,[],False,{}
2026-03-08 23:40:04.009604227+00:00,1000128.50,0.00,1000128.50,USD,GLBX-001,MARGIN,USD,[],False,{}
2026-03-08 23:40:04.009604227+00:00,1000128.50,0.00,1000128.50,USD,GLBX-001,MARGIN,USD,[],False,{}
2026-03-08 23:40:16.097144837+00:00,1000130.25,0.00,1000130.25,USD,GLBX-001,MARGIN,USD,[],False,{}
2026-03-08 23:40:16.097144837+00:00,1000130.25,0.00,1000130.25,USD,GLBX-001,MARGIN,USD,[],False,{}
2026-03-08 23:40:23.453814245+00:00,1000131.00,0.00,1000131.00,USD,GLBX-001,MARGIN,USD,[],False,{}
2026-03-08 23:40:23.453814245+00:00,1000131.00,0.00,1000131.00,USD,GLBX-001,MARGIN,USD,[],False,{}
2026-03-08 23:41:00.678637640+00:00,1000131.25,0.00,1000131.25,USD,GLBX-001,MARGIN,USD,[],False,{}
2026-03-08 23:41:00.678637640+00:00,1000131.25,0.00,1000131.25,USD,GLBX-001,MARGIN,USD,[],False,{}
2026-03-08 23:41:06.066678498+00:00,1000131.25,0.00,1000131.25,USD,GLBX-001,MARGIN,USD,[],False,{}
2026-03-08 23:41:06.066678498+00:00,1000131.25,0.00,1000131.25,USD,GLBX-001,MARGIN,USD,[],False,{}
2026-03-08 23:41:14.202164563+00:00,1000133.50,0.00,1000133.50,USD,GLBX-001,MARGIN,USD,[],False,{}
2026-03-08 23:41:14.202164563+00:00,1000133.50,0.00,1000133.50,USD,GLBX-001,MARGIN,USD,[],False,{}
2026-03-08 23:41:45.212469658+00:00,1000135.25,0.00,1000135.25,USD,GLBX-001,MARGIN,USD,[],False,{}
2026-03-08 23:41:45.212469658+00:00,1000135.25,0.00,1000135.25,USD,GLBX-001,MARGIN,USD,[],False,{}
2026-03-08 23:42:38.576469227+00:00,1000136.50,0.00,1000136.50,USD,GLBX-001,MARGIN,USD,[],False,{}
2026-03-08 23:42:38.576469227+00:00,1000136.50,0.00,1000136.50,USD,GLBX-001,MARGIN,USD,[],False,{}
2026-03-08 23:43:49.992335851+00:00,1000134.00,0.00,1000134.00,USD,GLBX-001,MARGIN,USD,[],False,{}
2026-03-08 23:43:49.992335851+00:00,1000134.00,0.00,1000134.00,USD,GLBX-001,MARGIN,USD,[],False,{}
2026-03-08 23:44:02.170833199+00:00,1000133.75,0.00,1000133.75,USD,GLBX-001,MARGIN,USD,[],False,{}
2026-03-08 23:44:02.170833199+00:00,1000133.75,0.00,1000133.75,USD,GLBX-001,MARGIN,USD,[],False,{}
2026-03-08 23:44:15.550325107+00:00,1000132.75,0.00,1000132.75,USD,GLBX-001,MARGIN,USD,[],False,{}
2026-03-08 23:44:15.550325107+00:00,1000132.75,0.00,1000132.75,USD,GLBX-001,MARGIN,USD,[],False,{}
2026-03-08 23:44:49.094058642+00:00,1000131.25,0.00,1000131.25,USD,GLBX-001,MARGIN,USD,[],False,{}
2026-03-08 23:44:49.094058642+00:00,1000131.25,0.00,1000131.25,USD,GLBX-001,MARGIN,USD,[],False,{}
2026-03-08 23:46:05.207776472+00:00,1000133.00,0.00,1000133.00,USD,GLBX-001,MARGIN,USD,[],False,{}
2026-03-08 23:46:05.207776472+00:00,1000133.00,0.00,1000133.00,USD,GLBX-001,MARGIN,USD,[],False,{}
2026-03-08 23:46:36.761447779+00:00,1000131.75,0.00,1000131.75,USD,GLBX-001,MARGIN,USD,[],False,{}
2026-03-08 23:46:36.761447779+00:00,1000131.75,0.00,1000131.75,USD,GLBX-001,MARGIN,USD,[],False,{}
2026-03-08 23:46:38.869921647+00:00,1000131.75,0.00,1000131.75,USD,GLBX-001,MARGIN,USD,[],False,{}
2026-03-08 23:46:38.869921647+00:00,1000131.75,0.00,1000131.75,USD,GLBX-001,MARGIN,USD,[],False,{}
2026-03-08 23:46:49.405687384+00:00,1000130.50,0.00,1000130.50,USD,GLBX-001,MARGIN,USD,[],False,{}
2026-03-08 23:46:49.405687384+00:00,1000130.50,0.00,1000130.50,USD,GLBX-001,MARGIN,USD,[],False,{}
2026-03-08 23:48:49.722622215+00:00,1000134.75,0.00,1000134.75,USD,GLBX-001,MARGIN,USD,[],False,{}
2026-03-08 23:48:49.722622215+00:00,1000134.75,0.00,1000134.75,USD,GLBX-001,MARGIN,USD,[],False,{}
2026-03-08 23:49:23.182465235+00:00,1000139.50,0.00,1000139.50,USD,GLBX-001,MARGIN,USD,[],False,{}
2026-03-08 23:49:23.182465235+00:00,1000139.50,0.00,1000139.50,USD,GLBX-001,MARGIN,USD,[],False,{}
2026-03-08 23:49:34.039803482+00:00,1000138.50,0.00,1000138.50,USD,GLBX-001,MARGIN,USD,[],False,{}
2026-03-08 23:49:34.039803482+00:00,1000138.50,0.00,1000138.50,USD,GLBX-001,MARGIN,USD,[],False,{}
2026-03-08 23:49:36.044411944+00:00,1000136.50,0.00,1000136.50,USD,GLBX-001,MARGIN,USD,[],False,{}
2026-03-08 23:49:36.044411944+00:00,1000136.50,0.00,1000136.50,USD,GLBX-001,MARGIN,USD,[],False,{}
2026-03-08 23:50:05.837402831+00:00,1000135.00,0.00,1000135.00,USD,GLBX-001,MARGIN,USD,[],False,{}
2026-03-08 23:50:05.837402831+00:00,1000135.00,0.00,1000135.00,USD,GLBX-001,MARGIN,USD,[],False,{}
2026-03-08 23:50:09.386959319+00:00,1000135.50,0.00,1000135.50,USD,GLBX-001,MARGIN,USD,[],False,{}
2026-03-08 23:50:09.386959319+00:00,1000135.50,0.00,1000135.50,USD,GLBX-001,MARGIN,USD,[],False,{}
2026-03-08 23:50:13.074497188+00:00,1000133.25,0.00,1000133.25,USD,GLBX-001,MARGIN,USD,[],False,{}
2026-03-08 23:50:13.074497188+00:00,1000133.25,0.00,1000133.25,USD,GLBX-001,MARGIN,USD,[],False,{}
2026-03-08 23:50:17.985754767+00:00,1000132.75,0.00,1000132.75,USD,GLBX-001,MARGIN,USD,[],False,{}
2026-03-08 23:50:17.985754767+00:00,1000132.75,0.00,1000132.75,USD,GLBX-001,MARGIN,USD,[],False,{}
2026-03-08 23:51:08.711215517+00:00,1000131.75,0.00,1000131.75,USD,GLBX-001,MARGIN,USD,[],False,{}
2026-03-08 23:51:08.711215517+00:00,1000131.75,0.00,1000131.75,USD,GLBX-001,MARGIN,USD,[],False,{}
2026-03-08 23:51:16.174904837+00:00,1000129.25,0.00,1000129.25,USD,GLBX-001,MARGIN,USD,[],False,{}
2026-03-08 23:51:16.174904837+00:00,1000129.25,0.00,1000129.25,USD,GLBX-001,MARGIN,USD,[],False,{}
2026-03-08 23:53:42.030540724+00:00,1000134.75,0.00,1000134.75,USD,GLBX-001,MARGIN,USD,[],False,{}
2026-03-08 23:53:42.030540724+00:00,1000134.75,0.00,1000134.75,USD,GLBX-001,MARGIN,USD,[],False,{}
2026-03-08 23:53:44.876659455+00:00,1000135.00,0.00,1000135.00,USD,GLBX-001,MARGIN,USD,[],False,{}
2026-03-08 23:53:44.876659455+00:00,1000135.00,0.00,1000135.00,USD,GLBX-001,MARGIN,USD,[],False,{}
2026-03-08 23:53:56.569296413+00:00,1000135.25,0.00,1000135.25,USD,GLBX-001,MARGIN,USD,[],False,{}
2026-03-08 23:53:56.569296413+00:00,1000135.25,0.00,1000135.25,USD,GLBX-001,MARGIN,USD,[],False,{}
2026-03-08 23:54:00.056713826+00:00,1000138.00,0.00,1000138.00,USD,GLBX-001,MARGIN,USD,[],False,{}
2026-03-08 23:54:00.056713826+00:00,1000138.00,0.00,1000138.00,USD,GLBX-001,MARGIN,USD,[],False,{}
2026-03-08 23:54:04.532157042+00:00,1000137.25,0.00,1000137.25,USD,GLBX-001,MARGIN,USD,[],False,{}
2026-03-08 23:54:04.532157042+00:00,1000137.25,0.00,1000137.25,USD,GLBX-001,MARGIN,USD,[],False,{}
2026-03-08 23:54:16.632774855+00:00,1000136.25,0.00,1000136.25,USD,GLBX-001,MARGIN,USD,[],False,{}
2026-03-08 23:54:16.632774855+00:00,1000136.25,0.00,1000136.25,USD,GLBX-001,MARGIN,USD,[],False,{}
2026-03-08 23:54:20.942292760+00:00,1000136.25,0.00,1000136.25,USD,GLBX-001,MARGIN,USD,[],False,{}
2026-03-08 23:54:20.942292760+00:00,1000136.25,0.00,1000136.25,USD,GLBX-001,MARGIN,USD,[],False,{}
2026-03-08 23:54:23.510327219+00:00,1000135.00,0.00,1000135.00,USD,GLBX-001,MARGIN,USD,[],False,{}
2026-03-08 23:54:23.510327219+00:00,1000135.00,0.00,1000135.00,USD,GLBX-001,MARGIN,USD,[],False,{}
2026-03-08 23:54:27.838990013+00:00,1000134.25,0.00,1000134.25,USD,GLBX-001,MARGIN,USD,[],False,{}
2026-03-08 23:54:27.838990013+00:00,1000134.25,0.00,1000134.25,USD,GLBX-001,MARGIN,USD,[],False,{}
2026-03-08 23:55:54.173732846+00:00,1000136.00,0.00,1000136.00,USD,GLBX-001,MARGIN,USD,[],False,{}
2026-03-08 23:55:54.173732846+00:00,1000136.00,0.00,1000136.00,USD,GLBX-001,MARGIN,USD,[],False,{}
2026-03-08 23:55:56.626573683+00:00,1000135.00,0.00,1000135.00,USD,GLBX-001,MARGIN,USD,[],False,{}
2026-03-08 23:55:56.626573683+00:00,1000135.00,0.00,1000135.00,USD,GLBX-001,MARGIN,USD,[],False,{}
2026-03-08 23:56:00.177749226+00:00,1000134.25,0.00,1000134.25,USD,GLBX-001,MARGIN,USD,[],False,{}
2026-03-08 23:56:00.177749226+00:00,1000134.25,0.00,1000134.25,USD,GLBX-001,MARGIN,USD,[],False,{}
2026-03-08 23:56:06.405854639+00:00,1000134.00,0.00,1000134.00,USD,GLBX-001,MARGIN,USD,[],False,{}
2026-03-08 23:56:06.405854639+00:00,1000134.00,0.00,1000134.00,USD,GLBX-001,MARGIN,USD,[],False,{}
2026-03-08 23:56:35.756376698+00:00,1000135.00,0.00,1000135.00,USD,GLBX-001,MARGIN,USD,[],False,{}
2026-03-08 23:56:35.756376698+00:00,1000135.00,0.00,1000135.00,USD,GLBX-001,MARGIN,USD,[],False,{}
2026-03-08 23:56:51.837816128+00:00,1000133.50,0.00,1000133.50,USD,GLBX-001,MARGIN,USD,[],False,{}
2026-03-08 23:56:51.837816128+00:00,1000133.50,0.00,1000133.50,USD,GLBX-001,MARGIN,USD,[],False,{}
2026-03-08 23:56:55.388353920+00:00,1000135.00,0.00,1000135.00,USD,GLBX-001,MARGIN,USD,[],False,{}
2026-03-08 23:56:55.388353920+00:00,1000135.00,0.00,1000135.00,USD,GLBX-001,MARGIN,USD,[],False,{}
2026-03-08 23:57:26.805891371+00:00,1000141.75,0.00,1000141.75,USD,GLBX-001,MARGIN,USD,[],False,{}
2026-03-08 23:57:26.805891371+00:00,1000141.75,0.00,1000141.75,USD,GLBX-001,MARGIN,USD,[],False,{}
2026-03-08 23:57:27.848523720+00:00,1000141.75,0.00,1000141.75,USD,GLBX-001,MARGIN,USD,[],False,{}
2026-03-08 23:57:27.848523720+00:00,1000141.75,0.00,1000141.75,USD,GLBX-001,MARGIN,USD,[],False,{}
2026-03-08 23:57:29.954377366+00:00,1000143.00,0.00,1000143.00,USD,GLBX-001,MARGIN,USD,[],False,{}
2026-03-08 23:57:29.954377366+00:00,1000143.00,0.00,1000143.00,USD,GLBX-001,MARGIN,USD,[],False,{}
2026-03-08 23:58:11.533932794+00:00,1000143.50,0.00,1000143.50,USD,GLBX-001,MARGIN,USD,[],False,{}
2026-03-08 23:58:11.533932794+00:00,1000143.50,0.00,1000143.50,USD,GLBX-001,MARGIN,USD,[],False,{}
2026-03-08 23:58:25.164399455+00:00,1000141.75,0.00,1000141.75,USD,GLBX-001,MARGIN,USD,[],False,{}
2026-03-08 23:58:25.164399455+00:00,1000141.75,0.00,1000141.75,USD,GLBX-001,MARGIN,USD,[],False,{}
2026-03-08 23:58:44.831609080+00:00,1000141.75,0.00,1000141.75,USD,GLBX-001,MARGIN,USD,[],False,{}
2026-03-08 23:58:44.831609080+00:00,1000141.75,0.00,1000141.75,USD,GLBX-001,MARGIN,USD,[],False,{}
2026-03-08 23:58:51.569842282+00:00,1000141.75,0.00,1000141.75,USD,GLBX-001,MARGIN,USD,[],False,{}
2026-03-08 23:58:51.569842282+00:00,1000141.75,0.00,1000141.75,USD,GLBX-001,MARGIN,USD,[],False,{}
2026-03-08 23:59:08.204917370+00:00,1000143.50,0.00,1000143.50,USD,GLBX-001,MARGIN,USD,[],False,{}
2026-03-08 23:59:08.204917370+00:00,1000143.50,0.00,1000143.50,USD,GLBX-001,MARGIN,USD,[],False,{}
2026-03-08 23:59:59.269426645+00:00,1000141.25,0.00,1000141.25,USD,GLBX-001,MARGIN,USD,[],False,{}
